recorded_at,unit,water_level,flood_status
2021-03-27 08:00:00,m,4.4,No Flood
2021-03-27 09:00:00,m,4.41,No Flood
2021-04-23 08:00:00,m,7.12,No Flood
2021-04-23 09:00:00,m,7.19,No Flood
2021-04-30 08:00:00,m,5.66,No Flood
2021-04-30 09:00:00,m,5.64,No Flood
2021-05-02 08:00:00,m,5.18,No Flood
2021-05-02 09:00:00,m,5.15,No Flood
2021-05-04 08:00:00,m,7.85,No Flood
2021-05-04 09:00:00,m,7.88,No Flood
2021-05-05 08:00:00,m,8.2,No Flood
2021-05-05 09:00:00,m,8.17,No Flood
2021-05-06 08:00:00,m,6.62,No Flood
2021-05-06 09:00:00,m,6.61,No Flood
2021-05-07 08:00:00,m,6.98,No Flood
2021-05-07 09:00:00,m,6.98,No Flood
2021-05-08 08:00:00,m,,No Flood
2021-05-08 09:00:00,m,,No Flood
2021-05-09 08:00:00,m,7.14,No Flood
2021-05-09 09:00:00,m,7.19,No Flood
2021-05-10 08:00:00,m,7.32,No Flood
2021-05-10 09:00:00,m,7.32,No Flood
2021-05-12 08:00:00,m,6.14,No Flood
2021-05-12 09:00:00,m,6.27,No Flood
2021-05-14 05:00:00,m,8.48,No Flood
2021-05-14 06:00:00,m,8.49,No Flood
2021-05-14 08:00:00,m,8.52,No Flood
2021-05-14 09:00:00,m,8.54,No Flood
2021-05-14 14:00:00,m,8.65,No Flood
2021-05-14 15:00:00,m,8.66,No Flood
2021-05-14 17:00:00,m,8.67,No Flood
2021-05-14 18:00:00,m,8.69,No Flood
2021-05-14 20:00:00,m,8.69,No Flood
2021-05-14 21:00:00,m,8.69,No Flood
2021-05-15 02:00:00,m,8.62,No Flood
2021-05-15 03:00:00,m,8.61,No Flood
2021-05-15 05:00:00,m,8.62,No Flood
2021-05-15 06:00:00,m,8.59,No Flood
2024-11-26 11:00:00,m,6.6,No Flood
2021-05-15 08:00:00,m,8.52,No Flood
2021-05-15 09:00:00,m,8.5,No Flood
2021-05-15 11:00:00,m,8.42,No Flood
2021-05-15 12:00:00,m,8.4,No Flood
2021-05-15 17:00:00,m,8.21,No Flood
2021-05-15 18:00:00,m,8.2,No Flood
2021-05-15 20:00:00,m,8.16,No Flood
2021-05-15 21:00:00,m,8.08,No Flood
2021-05-15 23:00:00,m,7.0,No Flood
2021-05-16 00:00:00,m,6.83,No Flood
2021-05-16 02:00:00,m,6.62,No Flood
2021-05-16 03:00:00,m,6.47,No Flood
2021-05-16 06:00:00,m,7.1,No Flood
2021-05-16 08:00:00,m,6.92,No Flood
2021-05-16 09:00:00,m,6.81,No Flood
2021-05-16 17:00:00,m,6.16,No Flood
2021-05-16 18:00:00,m,6.1,No Flood
2024-11-26 12:00:00,m,6.68,No Flood
2021-05-17 02:00:00,m,5.66,No Flood
2021-05-17 03:00:00,m,5.61,No Flood
2021-05-17 05:00:00,m,5.55,No Flood
2021-05-17 06:00:00,m,5.52,No Flood
2021-05-17 08:00:00,m,5.5,No Flood
2021-05-17 09:00:00,m,5.48,No Flood
2021-05-18 08:00:00,m,5.13,No Flood
2021-05-18 09:00:00,m,5.11,No Flood
2021-05-24 08:00:00,m,7.56,No Flood
2021-05-24 09:00:00,m,7.62,No Flood
2021-05-24 14:00:00,m,7.9,No Flood
2021-05-24 15:00:00,m,7.92,No Flood
2021-05-24 17:00:00,m,7.97,No Flood
2021-05-24 18:00:00,m,8.01,No Flood
2021-05-24 20:00:00,m,8.1,No Flood
2021-05-24 21:00:00,m,8.2,No Flood
2021-05-24 23:00:00,m,8.35,No Flood
2021-05-25 00:00:00,m,8.38,No Flood
2021-05-25 02:00:00,m,8.57,No Flood
2021-05-25 03:00:00,m,8.64,No Flood
2021-05-25 05:00:00,m,8.78,No Flood
2021-05-25 06:00:00,m,8.86,No Flood
2021-05-25 08:00:00,m,8.98,No Flood
2021-05-25 09:00:00,m,9.02,No Flood
2021-05-25 11:00:00,m,9.14,No Flood
2021-05-25 12:00:00,m,9.18,No Flood
2021-05-25 20:00:00,m,9.53,No Flood
2021-05-25 21:00:00,m,9.56,No Flood
2021-05-25 23:00:00,m,9.58,No Flood
2021-05-26 00:00:00,m,9.6,No Flood
2021-05-26 05:00:00,m,9.83,No Flood
2021-05-26 06:00:00,m,9.88,No Flood
2021-05-26 08:00:00,m,9.93,No Flood
2021-05-26 09:00:00,m,9.94,No Flood
2021-05-26 11:00:00,m,9.99,No Flood
2021-05-26 12:00:00,m,10.02,Alert Level
2021-05-26 14:00:00,m,10.07,Alert Level
2021-05-26 15:00:00,m,10.1,Alert Level
2021-05-27 08:00:00,m,10.21,Alert Level
2021-05-27 09:00:00,m,10.21,Alert Level
2021-05-28 08:00:00,m,9.86,No Flood
2021-05-28 09:00:00,m,9.82,No Flood
2021-05-29 08:00:00,m,8.88,No Flood
2021-05-29 09:00:00,m,8.85,No Flood
2021-05-30 08:00:00,m,7.09,No Flood
2021-05-30 09:00:00,m,7.02,No Flood
2021-05-31 08:00:00,m,6.17,No Flood
2021-05-31 09:00:00,m,6.15,No Flood
2021-06-03 08:00:00,m,9.42,No Flood
2021-06-03 09:00:00,m,9.45,No Flood
2021-06-03 14:00:00,m,9.37,No Flood
2021-06-03 15:00:00,m,9.4,No Flood
2021-06-04 08:00:00,m,11.06,Minor Flood
2021-06-04 09:00:00,m,11.08,Minor Flood
2021-06-04 11:00:00,m,11.07,Minor Flood
2021-06-04 12:00:00,m,11.08,Minor Flood
2021-06-04 14:00:00,m,11.1,Minor Flood
2021-06-04 15:00:00,m,11.11,Minor Flood
2021-06-04 17:00:00,m,11.12,Minor Flood
2021-06-04 18:00:00,m,11.1,Minor Flood
2021-06-04 20:00:00,m,11.12,Minor Flood
2021-06-04 21:00:00,m,11.13,Minor Flood
2021-06-04 23:00:00,m,11.15,Minor Flood
2021-06-05 00:00:00,m,11.15,Minor Flood
2021-06-05 05:00:00,m,11.18,Minor Flood
2021-06-05 06:00:00,m,11.22,Minor Flood
2021-06-05 11:00:00,m,11.29,Minor Flood
2021-06-05 12:00:00,m,11.3,Minor Flood
2021-06-05 14:00:00,m,11.3,Minor Flood
2021-06-05 15:00:00,m,11.3,Minor Flood
2021-06-05 17:00:00,m,11.28,Minor Flood
2021-06-05 18:00:00,m,11.28,Minor Flood
2021-06-05 20:00:00,m,11.24,Minor Flood
2021-06-05 21:00:00,m,11.22,Minor Flood
2021-06-05 23:00:00,m,11.21,Minor Flood
2021-06-06 00:00:00,m,11.21,Minor Flood
2021-06-06 05:00:00,m,11.19,Minor Flood
2021-06-06 06:00:00,m,11.19,Minor Flood
2021-06-06 08:00:00,m,11.13,Minor Flood
2021-06-06 09:00:00,m,11.11,Minor Flood
2021-06-06 11:00:00,m,11.06,Minor Flood
2021-06-06 12:00:00,m,11.03,Minor Flood
2021-06-06 14:00:00,m,11.0,Minor Flood
2021-06-06 15:00:00,m,10.96,Minor Flood
2021-06-06 20:00:00,m,10.78,Minor Flood
2021-06-06 21:00:00,m,10.74,Minor Flood
2021-06-06 23:00:00,m,10.7,Minor Flood
2021-06-07 00:00:00,m,10.68,Alert Level
2021-06-07 02:00:00,m,10.6,Alert Level
2021-06-07 03:00:00,m,10.54,Alert Level
2021-06-07 08:00:00,m,10.37,Alert Level
2021-06-07 09:00:00,m,10.31,Alert Level
2021-06-07 11:00:00,m,10.26,Alert Level
2021-06-07 12:00:00,m,10.2,Alert Level
2024-11-26 14:00:00,m,6.78,No Flood
2024-11-26 15:00:00,m,6.8,No Flood
2021-06-07 14:00:00,m,10.03,Alert Level
2021-06-07 15:00:00,m,10.0,Alert Level
2021-06-07 17:00:00,m,9.96,No Flood
2021-06-07 18:00:00,m,9.94,No Flood
2021-06-07 20:00:00,m,9.8,No Flood
2021-06-07 21:00:00,m,9.72,No Flood
2021-06-07 23:00:00,m,9.6,No Flood
2021-06-08 00:00:00,m,9.55,No Flood
2021-06-08 05:00:00,m,9.25,No Flood
2021-06-08 06:00:00,m,9.2,No Flood
2021-06-08 08:00:00,m,9.0,No Flood
2021-06-08 09:00:00,m,8.97,No Flood
2021-06-08 17:00:00,m,8.72,No Flood
2021-06-08 18:00:00,m,8.72,No Flood
2021-06-09 02:00:00,m,8.75,No Flood
2021-06-09 03:00:00,m,8.77,No Flood
2021-06-09 08:00:00,m,8.82,No Flood
2021-06-09 09:00:00,m,8.84,No Flood
2021-06-09 11:00:00,m,8.9,No Flood
2021-06-09 12:00:00,m,8.92,No Flood
2021-06-09 20:00:00,m,8.98,No Flood
2021-06-09 21:00:00,m,8.98,No Flood
2021-06-10 02:00:00,m,8.98,No Flood
2021-06-10 03:00:00,m,8.98,No Flood
2021-06-10 08:00:00,m,8.9,No Flood
2021-06-10 09:00:00,m,8.88,No Flood
2021-06-14 08:00:00,m,7.84,No Flood
2021-06-14 09:00:00,m,7.91,No Flood
2021-07-02 08:00:00,m,6.67,No Flood
2021-07-02 09:00:00,m,6.72,No Flood
2021-07-10 03:00:00,m,7.98,No Flood
2021-07-10 04:00:00,m,8.1,No Flood
2021-07-10 05:00:00,m,8.25,No Flood
2021-07-10 06:00:00,m,8.31,No Flood
2021-07-10 08:00:00,m,8.52,No Flood
2021-07-10 09:00:00,m,8.6,No Flood
2021-07-11 08:00:00,m,9.73,No Flood
2021-07-11 09:00:00,m,9.77,No Flood
2021-07-12 08:00:00,m,9.76,No Flood
2021-07-12 09:00:00,m,9.74,No Flood
2021-08-09 08:00:00,m,8.06,No Flood
2021-08-09 09:00:00,m,8.07,No Flood
2021-08-13 08:00:00,m,8.12,No Flood
2021-08-13 09:00:00,m,8.13,No Flood
2021-08-26 08:00:00,m,5.28,No Flood
2021-08-26 09:00:00,m,5.3,No Flood
2021-08-27 08:00:00,m,6.18,No Flood
2021-08-27 09:00:00,m,6.24,No Flood
2021-08-28 08:00:00,m,6.28,No Flood
2021-08-28 09:00:00,m,6.22,No Flood
2021-09-05 08:00:00,m,6.94,No Flood
2021-09-05 09:00:00,m,6.95,No Flood
2021-09-22 08:00:00,m,5.39,No Flood
2021-09-22 09:00:00,m,5.38,No Flood
2021-09-25 08:00:00,m,6.42,No Flood
2021-09-25 09:00:00,m,6.41,No Flood
2021-09-27 05:00:00,m,7.8,No Flood
2021-09-27 06:00:00,m,7.86,No Flood
2021-09-27 08:00:00,m,7.98,No Flood
2021-09-27 09:00:00,m,8.02,No Flood
2021-09-28 08:00:00,m,8.2,No Flood
2021-09-28 09:00:00,m,8.24,No Flood
2021-10-02 08:00:00,m,7.82,No Flood
2021-10-02 09:00:00,m,7.85,No Flood
2021-10-06 08:00:00,m,8.52,No Flood
2021-10-06 09:00:00,m,8.56,No Flood
2021-10-07 08:00:00,m,8.36,No Flood
2021-10-07 09:00:00,m,8.3,No Flood
2021-10-08 08:00:00,m,6.42,No Flood
2021-10-08 09:00:00,m,6.35,No Flood
2021-10-21 08:00:00,m,5.72,No Flood
2021-10-21 09:00:00,m,5.74,No Flood
2021-10-27 08:00:00,m,7.1,No Flood
2021-10-27 09:00:00,m,7.15,No Flood
2021-11-01 08:00:00,m,7.31,No Flood
2021-11-01 09:00:00,m,7.4,No Flood
2021-11-02 08:00:00,m,7.82,No Flood
2021-11-02 09:00:00,m,7.76,No Flood
2021-11-03 08:00:00,m,6.75,No Flood
2021-11-03 09:00:00,m,6.72,No Flood
2021-11-04 08:00:00,m,5.69,No Flood
2021-11-04 09:00:00,m,5.67,No Flood
2021-11-05 08:00:00,m,5.67,No Flood
2021-11-05 09:00:00,m,5.65,No Flood
2021-11-07 08:00:00,m,8.0,No Flood
2021-11-07 09:00:00,m,8.06,No Flood
2021-11-08 17:00:00,m,9.58,No Flood
2021-11-08 18:00:00,m,9.6,No Flood
2021-11-08 20:00:00,m,9.69,No Flood
2021-11-08 21:00:00,m,9.71,No Flood
2021-11-08 23:00:00,m,9.75,No Flood
2021-11-09 00:00:00,m,9.75,No Flood
2021-11-09 02:00:00,m,9.78,No Flood
2021-11-09 03:00:00,m,9.82,No Flood
2021-11-09 08:00:00,m,9.86,No Flood
2021-11-09 09:00:00,m,9.85,No Flood
2021-11-09 11:00:00,m,9.85,No Flood
2021-11-09 12:00:00,m,9.85,No Flood
2021-11-09 17:00:00,m,9.84,No Flood
2021-11-09 18:00:00,m,9.84,No Flood
2021-11-09 23:00:00,m,9.82,No Flood
2021-11-10 00:00:00,m,9.81,No Flood
2021-11-10 05:00:00,m,9.82,No Flood
2021-11-10 06:00:00,m,9.74,No Flood
2021-11-10 08:00:00,m,9.67,No Flood
2021-11-10 09:00:00,m,9.64,No Flood
2021-11-10 11:00:00,m,9.56,No Flood
2021-11-10 12:00:00,m,9.54,No Flood
2021-11-10 14:00:00,m,9.44,No Flood
2021-11-10 15:00:00,m,9.42,No Flood
2021-11-10 17:00:00,m,9.32,No Flood
2021-11-10 18:00:00,m,9.3,No Flood
2021-11-11 08:00:00,m,8.43,No Flood
2021-11-11 09:00:00,m,8.34,No Flood
2021-11-11 11:00:00,m,8.16,No Flood
2021-11-11 12:00:00,m,8.08,No Flood
2021-11-11 14:00:00,m,7.88,No Flood
2021-11-11 15:00:00,m,7.77,No Flood
2021-11-11 05:00:00,m,8.69,No Flood
2021-11-11 06:00:00,m,8.62,No Flood
2021-11-12 08:00:00,m,6.4,No Flood
2021-11-12 09:00:00,m,6.38,No Flood
2021-11-13 08:00:00,m,7.38,No Flood
2021-11-13 09:00:00,m,7.34,No Flood
2021-11-14 08:00:00,m,6.15,No Flood
2021-11-14 09:00:00,m,6.14,No Flood
2021-11-15 08:00:00,m,6.68,No Flood
2021-11-15 09:00:00,m,6.66,No Flood
2021-11-16 08:00:00,m,7.22,No Flood
2021-11-16 09:00:00,m,7.25,No Flood
2021-11-20 08:00:00,m,7.41,No Flood
2021-11-20 09:00:00,m,7.4,No Flood
2021-11-25 08:00:00,m,7.5,No Flood
2021-11-25 09:00:00,m,7.51,No Flood
2021-11-27 08:00:00,m,5.89,No Flood
2021-11-27 09:00:00,m,5.93,No Flood
2021-11-28 08:00:00,m,7.91,No Flood
2021-11-28 09:00:00,m,7.63,No Flood
2021-11-29 08:00:00,m,6.6,No Flood
2021-11-29 09:00:00,m,6.55,No Flood
2021-11-30 08:00:00,m,6.0,No Flood
2021-11-30 09:00:00,m,6.1,No Flood
2021-12-01 08:00:00,m,6.56,No Flood
2021-12-01 09:00:00,m,6.55,No Flood
2021-12-02 08:00:00,m,6.95,No Flood
2021-12-02 09:00:00,m,6.95,No Flood
2021-12-05 08:00:00,m,7.16,No Flood
2021-12-05 09:00:00,m,7.17,No Flood
2021-12-07 08:00:00,m,7.64,No Flood
2021-12-07 09:00:00,m,7.64,No Flood
2021-12-08 08:00:00,m,5.71,No Flood
2021-12-08 09:00:00,m,5.72,No Flood
2021-12-19 08:00:00,m,5.72,No Flood
2021-12-19 09:00:00,m,5.74,No Flood
2021-12-20 08:00:00,m,5.42,No Flood
2021-12-20 09:00:00,m,5.38,No Flood
2022-01-10 08:00:00,m,5.34,No Flood
2022-01-10 09:00:00,m,5.4,No Flood
2022-01-13 08:00:00,m,4.33,No Flood
2022-01-13 09:00:00,m,4.4,No Flood
2022-02-13 08:00:00,m,5.9,No Flood
2022-02-13 09:00:00,m,6.08,No Flood
2022-04-09 08:00:00,m,6.24,No Flood
2022-04-09 09:00:00,m,6.23,No Flood
2022-04-10 08:00:00,m,5.85,No Flood
2022-04-10 09:00:00,m,5.8,No Flood
2022-04-11 08:00:00,m,5.59,No Flood
2022-04-11 09:00:00,m,5.53,No Flood
2022-04-16 08:00:00,m,4.42,No Flood
2022-04-16 09:00:00,m,4.45,No Flood
2022-04-24 08:00:00,m,5.49,No Flood
2022-04-24 09:00:00,m,5.47,No Flood
2022-05-05 08:00:00,m,4.78,No Flood
2022-05-05 09:00:00,m,4.8,No Flood
2022-05-06 08:00:00,m,4.9,No Flood
2022-05-06 09:00:00,m,4.91,No Flood
2022-05-07 08:00:00,m,4.6,No Flood
2022-05-07 09:00:00,m,4.58,No Flood
2022-05-11 08:00:00,m,8.7,No Flood
2022-05-11 09:00:00,m,8.71,No Flood
2022-05-12 08:00:00,m,8.67,No Flood
2022-05-12 09:00:00,m,8.64,No Flood
2022-05-13 08:00:00,m,8.73,No Flood
2022-05-13 09:00:00,m,8.79,No Flood
2022-05-14 08:00:00,m,9.85,No Flood
2022-05-14 09:00:00,m,9.87,No Flood
2022-05-14 11:00:00,m,9.95,No Flood
2022-05-14 12:00:00,m,9.97,No Flood
2022-05-14 14:00:00,m,10.04,Alert Level
2022-05-14 15:00:00,m,10.1,Alert Level
2022-05-14 17:00:00,m,10.18,Alert Level
2022-05-14 18:00:00,m,10.22,Alert Level
2022-05-14 20:00:00,m,10.29,Alert Level
2022-05-14 21:00:00,m,10.31,Alert Level
2022-05-14 23:00:00,m,10.4,Alert Level
2022-05-15 00:00:00,m,10.42,Alert Level
2022-05-15 02:00:00,m,10.5,Alert Level
2022-05-15 03:00:00,m,10.52,Alert Level
2022-05-15 05:00:00,m,10.58,Alert Level
2022-05-15 06:00:00,m,10.6,Alert Level
2022-05-15 08:00:00,m,10.66,Alert Level
2022-05-15 09:00:00,m,10.68,Alert Level
2022-05-15 11:00:00,m,10.72,Minor Flood
2022-05-15 12:00:00,m,10.74,Minor Flood
2022-05-15 14:00:00,m,10.78,Minor Flood
2022-05-15 15:00:00,m,10.79,Minor Flood
2022-05-15 17:00:00,m,10.82,Minor Flood
2022-05-15 18:00:00,m,10.83,Minor Flood
2022-05-15 20:00:00,m,10.88,Minor Flood
2022-05-15 21:00:00,m,10.89,Minor Flood
2022-05-15 23:00:00,m,10.9,Minor Flood
2022-05-16 00:00:00,m,10.92,Minor Flood
2022-05-16 02:00:00,m,10.95,Minor Flood
2022-05-16 03:00:00,m,10.96,Minor Flood
2022-05-16 05:00:00,m,10.96,Minor Flood
2022-05-16 06:00:00,m,10.94,Minor Flood
2022-05-16 08:00:00,m,10.93,Minor Flood
2022-05-16 09:00:00,m,10.93,Minor Flood
2022-05-16 11:00:00,m,10.92,Minor Flood
2022-05-16 12:00:00,m,10.91,Minor Flood
2022-05-16 14:00:00,m,10.9,Minor Flood
2022-05-16 15:00:00,m,10.86,Minor Flood
2022-05-16 17:00:00,m,10.83,Minor Flood
2022-05-16 18:00:00,m,10.82,Minor Flood
2022-05-16 20:00:00,m,10.79,Minor Flood
2022-05-16 21:00:00,m,10.77,Minor Flood
2022-05-16 23:00:00,m,10.69,Alert Level
2022-05-17 00:00:00,m,10.65,Alert Level
2022-05-17 02:00:00,m,10.65,Alert Level
2022-05-17 03:00:00,m,10.65,Alert Level
2022-05-17 05:00:00,m,10.58,Alert Level
2022-05-17 06:00:00,m,10.52,Alert Level
2022-05-17 08:00:00,m,10.47,Alert Level
2022-05-17 09:00:00,m,10.45,Alert Level
2022-05-17 11:00:00,m,10.4,Alert Level
2022-05-17 12:00:00,m,10.38,Alert Level
2022-05-17 14:00:00,m,10.32,Alert Level
2022-05-17 15:00:00,m,10.27,Alert Level
2022-05-17 17:00:00,m,10.21,Alert Level
2022-05-17 18:00:00,m,10.19,Alert Level
2022-05-18 02:00:00,m,9.92,No Flood
2022-05-18 03:00:00,m,9.87,No Flood
2022-05-18 05:00:00,m,9.8,No Flood
2022-05-18 06:00:00,m,9.77,No Flood
2022-05-18 08:00:00,m,9.72,No Flood
2022-05-18 09:00:00,m,9.68,No Flood
2022-05-18 11:00:00,m,9.61,No Flood
2022-05-18 12:00:00,m,9.58,No Flood
2022-05-18 14:00:00,m,9.52,No Flood
2022-05-18 15:00:00,m,9.48,No Flood
2022-05-20 08:00:00,m,8.44,No Flood
2022-05-20 09:00:00,m,8.4,No Flood
2022-05-21 08:00:00,m,6.94,No Flood
2022-05-21 09:00:00,m,6.88,No Flood
2022-05-22 08:00:00,m,6.12,No Flood
2022-05-22 09:00:00,m,6.1,No Flood
2022-05-25 08:00:00,m,8.4,No Flood
2022-05-25 09:00:00,m,8.44,No Flood
2022-05-26 08:00:00,m,8.7,No Flood
2022-05-26 09:00:00,m,8.67,No Flood
2022-05-27 08:00:00,m,7.82,No Flood
2022-05-27 09:00:00,m,7.77,No Flood
2022-05-28 08:00:00,m,7.4,No Flood
2022-05-28 09:00:00,m,7.41,No Flood
2022-05-29 08:00:00,m,7.3,No Flood
2022-05-29 09:00:00,m,7.31,No Flood
2022-05-30 08:00:00,m,7.71,No Flood
2022-05-30 09:00:00,m,7.7,No Flood
2022-05-31 08:00:00,m,7.86,No Flood
2022-05-31 09:00:00,m,8.08,No Flood
2022-05-31 11:00:00,m,8.65,No Flood
2022-05-31 12:00:00,m,8.79,No Flood
2022-05-31 14:00:00,m,9.0,No Flood
2022-05-31 15:00:00,m,9.08,No Flood
2022-05-31 17:00:00,m,9.21,No Flood
2022-05-31 18:00:00,m,9.26,No Flood
2022-05-31 20:00:00,m,9.38,No Flood
2022-05-31 21:00:00,m,9.41,No Flood
2022-05-31 23:00:00,m,9.47,No Flood
2022-06-01 00:00:00,m,9.5,No Flood
2022-06-01 02:00:00,m,9.56,No Flood
2022-06-01 03:00:00,m,9.58,No Flood
2022-06-01 05:00:00,m,9.66,No Flood
2022-06-01 06:00:00,m,9.69,No Flood
2022-06-01 08:00:00,m,9.74,No Flood
2022-06-01 09:00:00,m,9.79,No Flood
2022-06-01 14:00:00,m,9.95,No Flood
2022-06-01 15:00:00,m,9.98,No Flood
2022-06-01 17:00:00,m,10.04,Alert Level
2022-06-01 18:00:00,m,10.06,Alert Level
2022-06-01 20:00:00,m,10.1,Alert Level
2022-06-01 21:00:00,m,10.12,Alert Level
2022-06-02 11:00:00,m,10.13,Alert Level
2022-06-02 12:00:00,m,10.12,Alert Level
2022-06-02 08:00:00,m,10.17,Alert Level
2022-06-02 09:00:00,m,10.15,Alert Level
2022-06-02 21:00:00,m,9.95,No Flood
2022-06-02 22:00:00,m,9.92,No Flood
2022-06-03 08:00:00,m,8.69,No Flood
2022-06-03 09:00:00,m,8.64,No Flood
2022-06-03 20:00:00,m,9.19,No Flood
2022-06-03 21:00:00,m,9.15,No Flood
2022-06-04 05:00:00,m,8.83,No Flood
2022-06-04 06:00:00,m,8.79,No Flood
2022-06-04 14:00:00,m,8.37,No Flood
2022-06-04 15:00:00,m,8.29,No Flood
2022-06-07 08:00:00,m,6.55,No Flood
2022-06-07 09:00:00,m,6.53,No Flood
2022-06-10 08:00:00,m,6.02,No Flood
2022-06-10 09:00:00,m,5.99,No Flood
2022-07-03 08:00:00,m,4.4,No Flood
2022-07-03 09:00:00,m,4.43,No Flood
2022-07-04 08:00:00,m,7.63,No Flood
2022-07-04 09:00:00,m,7.6,No Flood
2022-07-22 08:00:00,m,6.92,No Flood
2022-07-22 09:00:00,m,6.92,No Flood
2022-08-01 08:00:00,m,6.32,No Flood
2022-08-01 09:00:00,m,6.42,No Flood
2022-08-01 11:00:00,m,6.74,No Flood
2022-08-01 12:00:00,m,6.9,No Flood
2022-08-01 14:00:00,m,7.18,No Flood
2022-08-01 15:00:00,m,7.32,No Flood
2022-08-01 17:00:00,m,7.55,No Flood
2022-08-01 18:00:00,m,7.66,No Flood
2022-08-01 20:00:00,m,7.85,No Flood
2022-08-01 21:00:00,m,7.94,No Flood
2022-08-01 23:00:00,m,8.07,No Flood
2022-08-02 00:00:00,m,8.11,No Flood
2022-08-02 02:00:00,m,8.26,No Flood
2022-08-02 03:00:00,m,8.3,No Flood
2022-08-02 08:00:00,m,8.52,No Flood
2022-08-02 09:00:00,m,8.57,No Flood
2022-08-02 11:00:00,m,8.68,No Flood
2022-08-02 12:00:00,m,8.74,No Flood
2022-08-03 02:00:00,m,9.28,No Flood
2022-08-03 03:00:00,m,9.3,No Flood
2022-08-03 05:00:00,m,9.35,No Flood
2022-08-03 06:00:00,m,9.37,No Flood
2022-08-03 08:00:00,m,9.37,No Flood
2022-08-03 09:00:00,m,9.39,No Flood
2022-08-03 11:00:00,m,9.4,No Flood
2022-08-03 12:00:00,m,9.41,No Flood
2022-08-03 14:00:00,m,9.42,No Flood
2022-08-03 15:00:00,m,9.42,No Flood
2022-08-03 17:00:00,m,9.46,No Flood
2022-08-03 18:00:00,m,9.46,No Flood
2022-08-03 20:00:00,m,9.48,No Flood
2022-08-03 21:00:00,m,9.48,No Flood
2022-08-04 05:00:00,m,9.52,No Flood
2022-08-04 06:00:00,m,9.5,No Flood
2022-08-04 08:00:00,m,9.48,No Flood
2022-08-04 09:00:00,m,9.45,No Flood
2022-08-04 11:00:00,m,9.44,No Flood
2022-08-04 12:00:00,m,9.43,No Flood
2022-08-04 14:00:00,m,9.42,No Flood
2022-08-04 15:00:00,m,9.41,No Flood
2022-08-04 20:00:00,m,9.31,No Flood
2022-08-04 21:00:00,m,9.3,No Flood
2022-08-05 05:00:00,m,9.13,No Flood
2022-08-05 06:00:00,m,9.09,No Flood
2022-08-05 08:00:00,m,9.03,No Flood
2022-08-05 09:00:00,m,9.0,No Flood
2022-08-05 11:00:00,m,8.96,No Flood
2022-08-05 12:00:00,m,8.92,No Flood
2022-08-05 14:00:00,m,8.85,No Flood
2022-08-05 15:00:00,m,8.81,No Flood
2022-08-05 17:00:00,m,8.7,No Flood
2022-08-05 18:00:00,m,8.65,No Flood
2022-08-06 08:00:00,m,7.55,No Flood
2022-08-06 09:00:00,m,7.44,No Flood
2022-08-07 08:00:00,m,5.69,No Flood
2022-08-07 09:00:00,m,5.66,No Flood
2022-08-08 08:00:00,m,5.25,No Flood
2022-08-08 09:00:00,m,5.24,No Flood
2022-08-27 08:00:00,m,7.45,No Flood
2022-08-27 09:00:00,m,7.54,No Flood
2022-08-31 08:00:00,m,5.8,No Flood
2022-08-31 09:00:00,m,5.91,No Flood
2022-08-31 17:00:00,m,7.65,No Flood
2022-08-31 18:00:00,m,7.82,No Flood
2022-08-31 20:00:00,m,8.17,No Flood
2022-08-31 21:00:00,m,8.34,No Flood
2022-08-31 23:00:00,m,8.61,No Flood
2022-09-01 00:00:00,m,8.69,No Flood
2022-09-01 02:00:00,m,8.88,No Flood
2022-09-01 03:00:00,m,8.97,No Flood
2022-09-01 05:00:00,m,9.11,No Flood
2022-09-01 06:00:00,m,9.28,No Flood
2022-09-01 11:00:00,m,9.62,No Flood
2022-09-01 12:00:00,m,9.67,No Flood
2022-09-01 14:00:00,m,9.75,No Flood
2022-09-01 15:00:00,m,9.78,No Flood
2022-09-01 17:00:00,m,9.84,No Flood
2022-09-01 18:00:00,m,9.86,No Flood
2022-09-01 20:00:00,m,9.9,No Flood
2022-09-01 21:00:00,m,9.92,No Flood
2022-09-01 23:00:00,m,9.96,No Flood
2022-09-02 00:00:00,m,9.99,No Flood
2022-09-02 02:00:00,m,10.01,Alert Level
2022-09-02 03:00:00,m,10.03,Alert Level
2022-09-02 05:00:00,m,10.02,Alert Level
2022-09-02 06:00:00,m,10.02,Alert Level
2022-09-02 11:00:00,m,10.01,Alert Level
2022-09-02 12:00:00,m,10.01,Alert Level
2022-09-02 14:00:00,m,10.0,Alert Level
2022-09-02 15:00:00,m,10.0,Alert Level
2022-09-02 17:00:00,m,9.95,No Flood
2022-09-02 18:00:00,m,9.94,No Flood
2022-09-03 08:00:00,m,9.42,No Flood
2022-09-03 09:00:00,m,9.37,No Flood
2022-09-03 11:00:00,m,9.26,No Flood
2022-09-03 12:00:00,m,9.21,No Flood
2022-09-03 14:00:00,m,9.06,No Flood
2022-09-03 15:00:00,m,9.01,No Flood
2022-09-04 08:00:00,m,7.32,No Flood
2022-09-04 09:00:00,m,7.15,No Flood
2022-09-04 11:00:00,m,6.95,No Flood
2022-09-04 12:00:00,m,6.84,No Flood
2022-09-04 14:00:00,m,6.63,No Flood
2022-09-04 15:00:00,m,6.52,No Flood
2022-09-05 08:00:00,m,6.61,No Flood
2022-09-05 09:00:00,m,6.78,No Flood
2022-09-05 14:00:00,m,7.67,No Flood
2022-09-05 15:00:00,m,7.78,No Flood
2022-09-05 17:00:00,m,8.1,No Flood
2022-09-05 18:00:00,m,8.16,No Flood
2022-09-05 20:00:00,m,8.33,No Flood
2022-09-05 21:00:00,m,8.38,No Flood
2022-09-05 23:00:00,m,8.52,No Flood
2022-09-06 00:00:00,m,8.57,No Flood
2022-09-06 02:00:00,m,8.7,No Flood
2022-09-06 03:00:00,m,8.75,No Flood
2022-09-06 05:00:00,m,8.82,No Flood
2022-09-06 06:00:00,m,8.88,No Flood
2022-09-06 08:00:00,m,8.94,No Flood
2022-09-06 09:00:00,m,8.96,No Flood
2022-09-06 11:00:00,m,8.99,No Flood
2022-09-06 12:00:00,m,9.01,No Flood
2022-09-06 14:00:00,m,9.05,No Flood
2022-09-06 15:00:00,m,9.07,No Flood
2022-09-06 17:00:00,m,9.1,No Flood
2022-09-06 18:00:00,m,9.12,No Flood
2022-09-06 20:00:00,m,9.26,No Flood
2022-09-06 21:00:00,m,9.22,No Flood
2022-09-06 23:00:00,m,9.22,No Flood
2022-09-07 00:00:00,m,9.22,No Flood
2022-09-07 02:00:00,m,9.22,No Flood
2022-09-07 03:00:00,m,9.22,No Flood
2022-09-07 05:00:00,m,9.22,No Flood
2022-09-07 06:00:00,m,9.22,No Flood
2022-09-07 08:00:00,m,9.18,No Flood
2022-09-07 09:00:00,m,9.17,No Flood
2022-09-07 11:00:00,m,9.14,No Flood
2022-09-07 12:00:00,m,9.13,No Flood
2022-09-07 14:00:00,m,9.08,No Flood
2022-09-07 15:00:00,m,9.03,No Flood
2022-09-08 08:00:00,m,8.03,No Flood
2022-09-08 09:00:00,m,7.94,No Flood
2022-09-08 11:00:00,m,7.74,No Flood
2022-09-08 12:00:00,m,7.62,No Flood
2022-09-09 08:00:00,m,5.85,No Flood
2022-09-09 09:00:00,m,5.8,No Flood
2022-09-10 08:00:00,m,5.37,No Flood
2022-09-10 09:00:00,m,5.36,No Flood
2022-10-13 08:00:00,m,7.3,No Flood
2022-10-13 09:00:00,m,7.27,No Flood
2022-10-14 08:00:00,m,8.37,No Flood
2022-10-14 09:00:00,m,8.38,No Flood
2022-10-14 20:00:00,m,9.31,No Flood
2022-10-14 21:00:00,m,9.38,No Flood
2022-10-14 23:00:00,m,9.45,No Flood
2022-10-15 00:00:00,m,9.48,No Flood
2022-10-15 02:00:00,m,9.52,No Flood
2022-10-15 03:00:00,m,9.54,No Flood
2022-10-15 05:00:00,m,9.58,No Flood
2022-10-15 06:00:00,m,9.59,No Flood
2022-10-15 08:00:00,m,9.61,No Flood
2022-10-15 09:00:00,m,9.62,No Flood
2022-10-15 11:00:00,m,9.65,No Flood
2022-10-15 12:00:00,m,9.68,No Flood
2022-10-15 14:00:00,m,9.75,No Flood
2022-10-15 15:00:00,m,9.79,No Flood
2022-10-15 17:00:00,m,9.85,No Flood
2022-10-15 18:00:00,m,9.85,No Flood
2022-10-15 20:00:00,m,9.92,No Flood
2022-10-15 21:00:00,m,9.92,No Flood
2022-10-16 02:00:00,m,9.96,No Flood
2022-10-16 03:00:00,m,9.98,No Flood
2022-10-16 05:00:00,m,10.0,Alert Level
2022-10-16 06:00:00,m,9.97,No Flood
2022-10-16 08:00:00,m,9.95,No Flood
2022-10-16 09:00:00,m,9.94,No Flood
2022-10-16 11:00:00,m,9.92,No Flood
2022-10-16 12:00:00,m,9.9,No Flood
2022-10-16 14:00:00,m,9.86,No Flood
2022-10-16 15:00:00,m,9.85,No Flood
2022-10-16 17:00:00,m,9.8,No Flood
2022-10-16 18:00:00,m,9.77,No Flood
2022-10-16 20:00:00,m,9.7,No Flood
2022-10-16 21:00:00,m,9.68,No Flood
2022-10-16 23:00:00,m,9.62,No Flood
2022-10-17 00:00:00,m,9.58,No Flood
2022-10-17 02:00:00,m,9.49,No Flood
2022-10-17 03:00:00,m,9.47,No Flood
2022-10-17 05:00:00,m,9.43,No Flood
2022-10-17 06:00:00,m,9.4,No Flood
2022-10-17 08:00:00,m,9.32,No Flood
2022-10-17 09:00:00,m,9.29,No Flood
2022-10-17 11:00:00,m,9.2,No Flood
2022-10-17 12:00:00,m,9.17,No Flood
2022-10-17 17:00:00,m,9.0,No Flood
2022-10-17 18:00:00,m,8.97,No Flood
2022-10-18 07:00:00,m,8.33,No Flood
2022-10-18 08:00:00,m,8.29,No Flood
2022-10-18 09:00:00,m,8.24,No Flood
2022-10-18 11:00:00,m,8.12,No Flood
2022-10-18 12:00:00,m,8.09,No Flood
2022-10-18 14:00:00,m,8.04,No Flood
2022-10-18 15:00:00,m,8.01,No Flood
2022-10-18 17:00:00,m,7.98,No Flood
2022-10-18 18:00:00,m,7.96,No Flood
2022-10-19 08:00:00,m,7.84,No Flood
2022-10-19 09:00:00,m,7.83,No Flood
2022-10-19 14:00:00,m,7.74,No Flood
2022-10-19 15:00:00,m,7.71,No Flood
2022-10-20 08:00:00,m,6.92,No Flood
2022-10-20 09:00:00,m,6.87,No Flood
2022-10-21 08:00:00,m,7.32,No Flood
2022-10-21 09:00:00,m,7.5,No Flood
2022-10-22 08:00:00,m,8.52,No Flood
2022-10-22 09:00:00,m,8.53,No Flood
2022-10-22 14:00:00,m,8.57,No Flood
2022-10-22 15:00:00,m,8.56,No Flood
2022-10-23 08:00:00,m,7.97,No Flood
2022-10-23 09:00:00,m,7.89,No Flood
2022-10-26 08:00:00,m,7.5,No Flood
2022-10-26 09:00:00,m,7.43,No Flood
2022-10-27 08:00:00,m,6.74,No Flood
2022-10-27 09:00:00,m,6.75,No Flood
2022-10-30 08:00:00,m,5.78,No Flood
2022-10-30 09:00:00,m,5.8,No Flood
2022-10-31 08:00:00,m,7.45,No Flood
2022-10-31 09:00:00,m,7.52,No Flood
2022-11-05 08:00:00,m,6.25,No Flood
2022-11-05 09:00:00,m,6.27,No Flood
2022-11-06 08:00:00,m,7.11,No Flood
2022-11-06 09:00:00,m,7.11,No Flood
2022-11-07 08:00:00,m,6.11,No Flood
2022-11-07 09:00:00,m,6.12,No Flood
2022-11-08 08:00:00,m,6.64,No Flood
2022-11-08 09:00:00,m,6.69,No Flood
2022-11-09 08:00:00,m,6.67,No Flood
2022-11-09 09:00:00,m,6.61,No Flood
2022-11-10 08:00:00,m,6.57,No Flood
2022-11-10 09:00:00,m,6.55,No Flood
2022-11-11 08:00:00,m,5.84,No Flood
2022-11-11 09:00:00,m,5.8,No Flood
2022-11-12 08:00:00,m,5.22,No Flood
2022-11-12 09:00:00,m,5.21,No Flood
2022-11-15 08:00:00,m,8.05,No Flood
2022-11-15 09:00:00,m,8.13,No Flood
2022-11-17 08:00:00,m,6.12,No Flood
2022-11-17 09:00:00,m,6.14,No Flood
2022-12-03 08:00:00,m,5.82,No Flood
2022-12-03 09:00:00,m,5.82,No Flood
2022-12-05 08:00:00,m,7.56,No Flood
2022-12-05 09:00:00,m,7.55,No Flood
2022-12-06 08:00:00,m,5.84,No Flood
2022-12-06 09:00:00,m,5.78,No Flood
2022-12-07 08:00:00,m,5.1,No Flood
2022-12-07 09:00:00,m,5.09,No Flood
2022-12-18 08:00:00,m,4.57,No Flood
2022-12-18 09:00:00,m,4.57,No Flood
2022-12-21 08:00:00,m,4.45,No Flood
2022-12-21 09:00:00,m,4.45,No Flood
2022-12-26 08:00:00,m,5.75,No Flood
2022-12-26 09:00:00,m,5.66,No Flood
2023-01-31 08:00:00,m,4.04,No Flood
2023-01-31 09:00:00,m,4.06,No Flood
2023-02-01 08:00:00,m,4.01,No Flood
2023-02-01 09:00:00,m,4.0,No Flood
2023-02-02 14:00:00,m,3.92,No Flood
2023-02-02 15:00:00,m,3.92,No Flood
2023-02-03 14:00:00,m,4.0,No Flood
2023-02-03 15:00:00,m,4.0,No Flood
2023-02-04 08:00:00,m,4.97,No Flood
2023-02-04 09:00:00,m,5.06,No Flood
2023-02-05 14:00:00,m,4.97,No Flood
2023-02-05 15:00:00,m,4.9,No Flood
2023-03-02 08:00:00,m,0.4,No Flood
2023-03-02 09:00:00,m,4.01,No Flood
2023-04-29 08:00:00,m,4.94,No Flood
2023-04-29 09:00:00,m,4.9,No Flood
2023-04-30 08:00:00,m,5.36,No Flood
2023-04-30 09:00:00,m,5.35,No Flood
2023-05-02 08:00:00,m,5.0,No Flood
2023-05-02 09:00:00,m,5.0,No Flood
2023-05-04 08:00:00,m,4.57,No Flood
2023-05-04 09:00:00,m,4.56,No Flood
2023-05-05 08:00:00,m,4.5,No Flood
2023-05-05 09:00:00,m,4.49,No Flood
2023-05-06 08:00:00,m,4.53,No Flood
2023-05-06 09:00:00,m,4.52,No Flood
2023-05-07 08:00:00,m,4.61,No Flood
2023-05-07 09:00:00,m,4.66,No Flood
2023-05-10 08:00:00,m,6.6,No Flood
2023-05-10 09:00:00,m,6.52,No Flood
2023-05-12 08:00:00,m,7.59,No Flood
2023-05-12 09:00:00,m,7.57,No Flood
2023-05-13 08:00:00,m,7.3,No Flood
2023-05-13 09:00:00,m,7.33,No Flood
2023-05-14 08:00:00,m,7.5,No Flood
2023-05-14 09:00:00,m,7.41,No Flood
2023-05-14 11:00:00,m,7.27,No Flood
2023-05-14 12:00:00,m,7.19,No Flood
2023-05-14 14:00:00,m,7.04,No Flood
2023-05-14 15:00:00,m,7.02,No Flood
2023-05-14 17:00:00,m,7.0,No Flood
2023-05-14 18:00:00,m,7.01,No Flood
2023-05-14 20:00:00,m,7.06,No Flood
2023-05-14 21:00:00,m,7.08,No Flood
2023-05-14 23:00:00,m,7.12,No Flood
2023-05-15 00:00:00,m,7.14,No Flood
2023-05-15 02:00:00,m,7.15,No Flood
2023-05-15 03:00:00,m,7.14,No Flood
2023-05-15 05:00:00,m,7.13,No Flood
2023-05-15 06:00:00,m,7.1,No Flood
2023-05-15 08:00:00,m,7.0,No Flood
2023-05-15 09:00:00,m,6.95,No Flood
2023-05-15 11:00:00,m,6.85,No Flood
2023-05-15 12:00:00,m,6.79,No Flood
2023-05-15 14:00:00,m,6.66,No Flood
2023-05-15 15:00:00,m,6.57,No Flood
2023-05-15 17:00:00,m,6.49,No Flood
2023-05-15 18:00:00,m,6.43,No Flood
2023-05-15 23:00:00,m,6.14,No Flood
2023-05-16 00:00:00,m,6.08,No Flood
2023-05-16 02:00:00,m,5.99,No Flood
2023-05-16 03:00:00,m,5.94,No Flood
2023-05-16 05:00:00,m,5.87,No Flood
2023-05-16 06:00:00,m,5.82,No Flood
2023-05-16 08:00:00,m,5.72,No Flood
2023-05-16 09:00:00,m,5.69,No Flood
2023-05-16 14:00:00,m,5.54,No Flood
2023-05-16 15:00:00,m,5.5,No Flood
2023-05-16 17:00:00,m,5.46,No Flood
2023-05-16 18:00:00,m,5.43,No Flood
2023-05-16 20:00:00,m,5.38,No Flood
2023-05-16 21:00:00,m,5.36,No Flood
2023-05-16 23:00:00,m,5.32,No Flood
2023-05-17 00:00:00,m,5.3,No Flood
2023-05-17 02:00:00,m,5.2,No Flood
2023-05-17 03:00:00,m,5.13,No Flood
2023-05-17 05:00:00,m,5.04,No Flood
2023-05-17 06:00:00,m,5.04,No Flood
2023-05-17 08:00:00,m,5.13,No Flood
2023-05-17 09:00:00,m,5.11,No Flood
2023-05-17 11:00:00,m,5.1,No Flood
2023-05-17 12:00:00,m,5.09,No Flood
2023-05-17 14:00:00,m,5.07,No Flood
2023-05-17 15:00:00,m,5.05,No Flood
2023-05-18 08:00:00,m,5.34,No Flood
2023-05-18 09:00:00,m,5.3,No Flood
2023-05-18 11:00:00,m,5.22,No Flood
2023-05-18 12:00:00,m,5.2,No Flood
2023-05-18 14:00:00,m,5.12,No Flood
2023-05-18 15:00:00,m,5.09,No Flood
2023-05-20 08:00:00,m,5.12,No Flood
2023-05-20 09:00:00,m,5.12,No Flood
2023-05-21 08:00:00,m,5.14,No Flood
2023-05-21 09:00:00,m,5.2,No Flood
2023-05-22 08:00:00,m,4.69,No Flood
2023-05-22 09:00:00,m,4.68,No Flood
2023-05-29 08:00:00,m,4.18,No Flood
2023-05-29 09:00:00,m,4.18,No Flood
2023-05-30 08:00:00,m,4.64,No Flood
2023-05-30 09:00:00,m,4.65,No Flood
2023-05-31 08:00:00,m,5.19,No Flood
2023-05-31 09:00:00,m,5.27,No Flood
2023-06-02 08:00:00,m,8.01,No Flood
2023-06-02 09:00:00,m,8.12,No Flood
2023-06-02 11:00:00,m,8.22,No Flood
2023-06-02 12:00:00,m,8.27,No Flood
2023-06-02 14:00:00,m,8.38,No Flood
2023-06-02 15:00:00,m,8.42,No Flood
2023-06-02 17:00:00,m,8.48,No Flood
2023-06-02 18:00:00,m,8.51,No Flood
2023-06-02 20:00:00,m,8.55,No Flood
2023-06-02 21:00:00,m,8.57,No Flood
2023-06-02 23:00:00,m,8.61,No Flood
2023-06-03 00:00:00,m,8.63,No Flood
2023-06-03 02:00:00,m,8.61,No Flood
2023-06-03 03:00:00,m,8.58,No Flood
2023-06-03 05:00:00,m,8.58,No Flood
2023-06-03 06:00:00,m,8.58,No Flood
2023-06-03 08:00:00,m,8.57,No Flood
2023-06-03 09:00:00,m,8.55,No Flood
2023-06-03 11:00:00,m,8.47,No Flood
2023-06-03 12:00:00,m,8.42,No Flood
2023-06-03 14:00:00,m,8.32,No Flood
2023-06-03 15:00:00,m,8.27,No Flood
2023-06-03 17:00:00,m,8.15,No Flood
2023-06-03 18:00:00,m,8.09,No Flood
2023-06-03 20:00:00,m,7.93,No Flood
2023-06-03 21:00:00,m,7.83,No Flood
2023-06-03 23:00:00,m,7.61,No Flood
2023-06-04 00:00:00,m,7.48,No Flood
2023-06-04 02:00:00,m,7.24,No Flood
2023-06-04 03:00:00,m,7.11,No Flood
2023-06-04 05:00:00,m,6.98,No Flood
2023-06-04 06:00:00,m,6.93,No Flood
2023-06-04 08:00:00,m,6.99,No Flood
2023-06-04 09:00:00,m,6.99,No Flood
2023-06-04 11:00:00,m,6.96,No Flood
2023-06-04 12:00:00,m,6.96,No Flood
2023-06-04 14:00:00,m,7.0,No Flood
2023-06-04 15:00:00,m,7.01,No Flood
2023-06-04 17:00:00,m,7.02,No Flood
2023-06-04 18:00:00,m,7.0,No Flood
2023-06-04 20:00:00,m,6.91,No Flood
2023-06-04 21:00:00,m,6.86,No Flood
2023-06-04 23:00:00,m,6.7,No Flood
2023-06-05 00:00:00,m,6.59,No Flood
2023-06-05 02:00:00,m,6.4,No Flood
2023-06-05 03:00:00,m,6.32,No Flood
2023-06-05 05:00:00,m,6.16,No Flood
2023-06-05 06:00:00,m,6.05,No Flood
2023-06-05 08:00:00,m,5.9,No Flood
2023-06-05 09:00:00,m,5.83,No Flood
2023-06-05 11:00:00,m,5.7,No Flood
2023-06-05 12:00:00,m,5.65,No Flood
2024-11-26 17:00:00,m,6.9,No Flood
2023-06-05 15:00:00,m,5.58,No Flood
2023-06-05 18:00:00,m,5.63,No Flood
2023-06-05 20:00:00,m,5.75,No Flood
2023-06-05 21:00:00,m,5.8,No Flood
2023-06-05 23:00:00,m,5.82,No Flood
2023-06-06 00:00:00,m,5.87,No Flood
2023-06-06 02:00:00,m,6.0,No Flood
2023-06-06 03:00:00,m,6.1,No Flood
2023-06-06 05:00:00,m,6.5,No Flood
2023-06-06 06:00:00,m,6.65,No Flood
2023-06-06 08:00:00,m,7.0,No Flood
2023-06-06 09:00:00,m,7.12,No Flood
2023-06-06 11:00:00,m,7.29,No Flood
2023-06-06 12:00:00,m,7.34,No Flood
2023-06-06 14:00:00,m,7.41,No Flood
2023-06-06 15:00:00,m,7.42,No Flood
2023-06-06 17:00:00,m,7.4,No Flood
2023-06-06 18:00:00,m,7.38,No Flood
2023-06-07 08:00:00,m,6.19,No Flood
2023-06-07 09:00:00,m,6.12,No Flood
2023-06-07 11:00:00,m,6.0,No Flood
2023-06-07 12:00:00,m,5.96,No Flood
2023-06-07 14:00:00,m,5.9,No Flood
2023-06-07 15:00:00,m,5.89,No Flood
2023-06-07 17:00:00,m,5.9,No Flood
2023-06-07 18:00:00,m,5.95,No Flood
2023-06-08 08:00:00,m,6.3,No Flood
2023-06-08 09:00:00,m,6.25,No Flood
2023-06-08 11:00:00,m,6.18,No Flood
2023-06-08 12:00:00,m,6.13,No Flood
2023-06-08 14:00:00,m,6.04,No Flood
2023-06-08 15:00:00,m,6.01,No Flood
2023-06-09 08:00:00,m,6.28,No Flood
2023-06-09 09:00:00,m,6.22,No Flood
2023-06-13 08:00:00,m,8.09,No Flood
2023-06-13 09:00:00,m,8.11,No Flood
2023-06-14 08:00:00,m,8.76,No Flood
2023-06-14 09:00:00,m,8.76,No Flood
2023-06-16 08:00:00,m,5.6,No Flood
2023-06-16 09:00:00,m,5.59,No Flood
2023-06-17 08:00:00,m,5.31,No Flood
2023-06-17 09:00:00,m,5.29,No Flood
2023-06-19 08:00:00,m,5.2,No Flood
2023-06-19 09:00:00,m,5.19,No Flood
2023-06-30 08:00:00,m,7.27,No Flood
2023-06-30 09:00:00,m,7.29,No Flood
2023-07-03 08:00:00,m,7.3,No Flood
2023-07-03 09:00:00,m,7.38,No Flood
2023-07-04 08:00:00,m,8.1,No Flood
2023-07-04 09:00:00,m,8.09,No Flood
2023-07-05 08:00:00,m,7.09,No Flood
2023-07-05 09:00:00,m,7.05,No Flood
2023-07-07 08:00:00,m,6.03,No Flood
2023-07-07 09:00:00,m,5.99,No Flood
2023-07-17 08:00:00,m,4.51,No Flood
2023-07-17 09:00:00,m,4.5,No Flood
2023-08-14 08:00:00,m,3.81,No Flood
2023-08-14 09:00:00,m,3.81,No Flood
2023-08-27 08:00:00,m,3.64,No Flood
2023-08-27 09:00:00,m,3.64,No Flood
2023-08-31 08:00:00,m,4.58,No Flood
2023-08-31 09:00:00,m,4.57,No Flood
2023-09-01 08:00:00,m,5.6,No Flood
2023-09-01 09:00:00,m,5.58,No Flood
2023-09-02 08:00:00,m,6.18,No Flood
2023-09-02 09:00:00,m,6.21,No Flood
2023-09-03 08:00:00,m,7.07,No Flood
2023-09-03 09:00:00,m,7.12,No Flood
2023-09-04 08:00:00,m,8.62,No Flood
2023-09-04 09:00:00,m,8.65,No Flood
2023-09-05 08:00:00,m,8.73,No Flood
2023-09-05 09:00:00,m,8.71,No Flood
2023-09-06 08:00:00,m,8.0,No Flood
2023-09-06 09:00:00,m,8.03,No Flood
2023-09-07 08:00:00,m,8.67,No Flood
2023-09-07 09:00:00,m,8.67,No Flood
2023-09-08 08:00:00,m,8.75,No Flood
2023-09-08 09:00:00,m,8.76,No Flood
2023-09-09 08:00:00,m,8.2,No Flood
2023-09-09 09:00:00,m,8.14,No Flood
2023-09-10 08:00:00,m,6.33,No Flood
2023-09-10 09:00:00,m,6.29,No Flood
2023-09-11 08:00:00,m,5.95,No Flood
2023-09-11 09:00:00,m,6.0,No Flood
2023-09-12 08:00:00,m,6.68,No Flood
2023-09-12 09:00:00,m,6.68,No Flood
2023-09-13 08:00:00,m,5.99,No Flood
2023-09-13 09:00:00,m,5.95,No Flood
2023-09-14 08:00:00,m,6.26,No Flood
2023-09-14 09:00:00,m,6.29,No Flood
2023-09-15 08:00:00,m,7.51,No Flood
2023-09-15 09:00:00,m,7.52,No Flood
2023-09-16 08:00:00,m,6.44,No Flood
2023-09-16 09:00:00,m,6.36,No Flood
2023-09-17 08:00:00,m,5.48,No Flood
2023-09-17 09:00:00,m,5.47,No Flood
2023-09-18 08:00:00,m,5.4,No Flood
2023-09-18 09:00:00,m,5.39,No Flood
2023-09-19 08:00:00,m,5.7,No Flood
2023-09-19 09:00:00,m,5.68,No Flood
2023-09-20 08:00:00,m,7.03,No Flood
2023-09-20 09:00:00,m,7.06,No Flood
2023-09-21 08:00:00,m,5.85,No Flood
2023-09-21 09:00:00,m,5.8,No Flood
2023-09-22 08:00:00,m,5.48,No Flood
2023-09-22 09:00:00,m,5.49,No Flood
2023-09-23 08:00:00,m,6.02,No Flood
2023-09-23 09:00:00,m,6.05,No Flood
2023-09-27 08:00:00,m,7.0,No Flood
2023-09-27 09:00:00,m,6.99,No Flood
2023-09-27 17:00:00,m,7.23,No Flood
2023-09-27 18:00:00,m,7.33,No Flood
2024-11-26 18:00:00,m,6.9,No Flood
2023-09-27 21:00:00,m,7.6,No Flood
2023-09-27 23:00:00,m,7.75,No Flood
2023-09-28 00:00:00,m,7.78,No Flood
2023-09-28 02:00:00,m,7.85,No Flood
2023-09-28 03:00:00,m,7.9,No Flood
2023-09-28 05:00:00,m,8.02,No Flood
2023-09-28 06:00:00,m,8.12,No Flood
2023-09-28 08:00:00,m,8.21,No Flood
2023-09-28 09:00:00,m,8.3,No Flood
2023-09-28 11:00:00,m,8.48,No Flood
2023-09-28 12:00:00,m,8.55,No Flood
2023-09-28 14:00:00,m,8.7,No Flood
2023-09-28 15:00:00,m,8.76,No Flood
2023-09-28 17:00:00,m,8.9,No Flood
2023-09-28 18:00:00,m,8.95,No Flood
2023-09-28 20:00:00,m,9.02,No Flood
2023-09-28 21:00:00,m,9.05,No Flood
2023-09-28 23:00:00,m,9.13,No Flood
2023-09-29 00:00:00,m,9.16,No Flood
2023-09-29 02:00:00,m,9.22,No Flood
2023-09-29 03:00:00,m,9.24,No Flood
2023-09-29 05:00:00,m,9.31,No Flood
2023-09-29 06:00:00,m,9.38,No Flood
2023-09-29 08:00:00,m,9.5,No Flood
2023-09-29 09:00:00,m,9.54,No Flood
2023-09-29 11:00:00,m,9.6,No Flood
2023-09-29 12:00:00,m,9.69,No Flood
2023-09-29 20:00:00,m,9.93,No Flood
2023-09-29 21:00:00,m,10.02,Alert Level
2023-09-29 23:00:00,m,10.18,Alert Level
2023-09-30 00:00:00,m,10.22,Alert Level
2023-09-30 02:00:00,m,10.27,Alert Level
2023-09-30 03:00:00,m,10.3,Alert Level
2023-09-30 05:00:00,m,10.33,Alert Level
2023-09-30 06:00:00,m,10.35,Alert Level
2023-09-30 08:00:00,m,10.39,Alert Level
2023-09-30 09:00:00,m,10.4,Alert Level
2023-09-30 11:00:00,m,10.43,Alert Level
2023-09-30 12:00:00,m,10.43,Alert Level
2023-09-30 14:00:00,m,10.41,Alert Level
2023-09-30 15:00:00,m,10.41,Alert Level
2023-09-30 17:00:00,m,10.41,Alert Level
2023-09-30 18:00:00,m,10.4,Alert Level
2023-09-30 20:00:00,m,10.46,Alert Level
2023-09-30 21:00:00,m,10.49,Alert Level
2023-09-30 23:00:00,m,10.52,Alert Level
2023-10-01 00:00:00,m,10.53,Alert Level
2023-10-01 02:00:00,m,10.53,Alert Level
2023-10-01 03:00:00,m,10.52,Alert Level
2023-10-01 05:00:00,m,10.5,Alert Level
2023-10-01 06:00:00,m,10.5,Alert Level
2023-10-01 08:00:00,m,10.49,Alert Level
2023-10-01 09:00:00,m,10.49,Alert Level
2023-10-01 11:00:00,m,10.5,Alert Level
2023-10-01 12:00:00,m,10.51,Alert Level
2023-10-01 14:00:00,m,10.49,Alert Level
2023-10-01 15:00:00,m,10.49,Alert Level
2023-10-01 17:00:00,m,10.47,Alert Level
2023-10-01 18:00:00,m,10.45,Alert Level
2023-10-01 20:00:00,m,10.44,Alert Level
2023-10-01 21:00:00,m,10.4,Alert Level
2023-10-01 23:00:00,m,10.37,Alert Level
2023-10-02 00:00:00,m,10.36,Alert Level
2023-10-02 02:00:00,m,10.34,Alert Level
2023-10-02 03:00:00,m,10.3,Alert Level
2023-10-02 05:00:00,m,10.28,Alert Level
2023-10-02 06:00:00,m,10.28,Alert Level
2023-10-02 08:00:00,m,10.28,Alert Level
2023-10-02 09:00:00,m,10.27,Alert Level
2023-10-02 11:00:00,m,10.2,Alert Level
2023-10-02 12:00:00,m,10.19,Alert Level
2023-10-02 14:00:00,m,10.17,Alert Level
2023-10-02 15:00:00,m,10.15,Alert Level
2023-10-02 17:00:00,m,10.12,Alert Level
2023-10-02 18:00:00,m,10.11,Alert Level
2023-10-02 20:00:00,m,10.05,Alert Level
2023-10-02 21:00:00,m,10.04,Alert Level
2023-10-02 23:00:00,m,10.0,Alert Level
2023-10-03 00:00:00,m,9.98,No Flood
2023-10-03 02:00:00,m,9.91,No Flood
2023-10-03 03:00:00,m,9.86,No Flood
2023-10-03 05:00:00,m,9.81,No Flood
2023-10-03 06:00:00,m,9.79,No Flood
2023-10-03 08:00:00,m,9.75,No Flood
2023-10-03 09:00:00,m,9.72,No Flood
2023-10-03 11:00:00,m,9.67,No Flood
2023-10-03 12:00:00,m,9.66,No Flood
2023-10-03 14:00:00,m,9.67,No Flood
2023-10-03 15:00:00,m,9.64,No Flood
2023-10-03 20:00:00,m,9.53,No Flood
2023-10-03 21:00:00,m,9.49,No Flood
2023-10-03 23:00:00,m,9.44,No Flood
2023-10-04 00:00:00,m,9.4,No Flood
2023-10-04 02:00:00,m,9.38,No Flood
2023-10-04 03:00:00,m,9.34,No Flood
2023-10-04 05:00:00,m,9.29,No Flood
2023-10-04 06:00:00,m,9.27,No Flood
2023-10-04 08:00:00,m,9.2,No Flood
2023-10-04 09:00:00,m,9.19,No Flood
2023-10-04 11:00:00,m,9.12,No Flood
2023-10-04 12:00:00,m,9.1,No Flood
2023-10-04 14:00:00,m,9.04,No Flood
2023-10-04 15:00:00,m,9.01,No Flood
2023-10-04 17:00:00,m,8.98,No Flood
2023-10-04 18:00:00,m,8.98,No Flood
2023-10-04 20:00:00,m,8.88,No Flood
2023-10-04 21:00:00,m,8.83,No Flood
2023-10-04 23:00:00,m,8.74,No Flood
2023-10-05 00:00:00,m,8.69,No Flood
2023-10-05 02:00:00,m,8.61,No Flood
2023-10-05 03:00:00,m,8.58,No Flood
2023-10-05 05:00:00,m,8.5,No Flood
2023-10-05 06:00:00,m,8.49,No Flood
2023-10-05 08:00:00,m,8.46,No Flood
2023-10-05 09:00:00,m,8.45,No Flood
2023-10-05 11:00:00,m,8.39,No Flood
2023-10-05 12:00:00,m,8.38,No Flood
2023-10-05 14:00:00,m,8.35,No Flood
2023-10-05 15:00:00,m,8.33,No Flood
2023-10-05 17:00:00,m,8.29,No Flood
2023-10-05 18:00:00,m,8.28,No Flood
2023-10-05 20:00:00,m,8.3,No Flood
2023-10-05 21:00:00,m,8.32,No Flood
2023-10-05 23:00:00,m,8.38,No Flood
2023-10-06 00:00:00,m,8.38,No Flood
2023-10-06 02:00:00,m,8.36,No Flood
2023-10-06 03:00:00,m,8.34,No Flood
2023-10-06 05:00:00,m,8.3,No Flood
2023-10-06 06:00:00,m,8.3,No Flood
2023-10-06 08:00:00,m,8.47,No Flood
2023-10-06 09:00:00,m,8.5,No Flood
2023-10-06 11:00:00,m,8.53,No Flood
2023-10-06 12:00:00,m,8.54,No Flood
2023-10-06 14:00:00,m,8.56,No Flood
2023-10-06 15:00:00,m,8.59,No Flood
2023-10-06 17:00:00,m,8.72,No Flood
2023-10-06 18:00:00,m,8.77,No Flood
2023-10-06 20:00:00,m,8.87,No Flood
2023-10-06 21:00:00,m,8.9,No Flood
2023-10-06 23:00:00,m,8.95,No Flood
2023-10-07 00:00:00,m,8.98,No Flood
2023-10-07 02:00:00,m,8.99,No Flood
2023-10-07 03:00:00,m,9.02,No Flood
2023-10-07 05:00:00,m,9.07,No Flood
2023-10-07 06:00:00,m,9.07,No Flood
2023-10-07 08:00:00,m,9.06,No Flood
2023-10-07 09:00:00,m,9.07,No Flood
2023-10-07 11:00:00,m,9.1,No Flood
2023-10-07 12:00:00,m,9.1,No Flood
2023-10-07 14:00:00,m,9.09,No Flood
2023-10-07 15:00:00,m,9.08,No Flood
2023-10-07 17:00:00,m,9.08,No Flood
2023-10-07 18:00:00,m,9.07,No Flood
2023-10-07 20:00:00,m,9.06,No Flood
2023-10-07 21:00:00,m,9.05,No Flood
2023-10-07 23:00:00,m,9.05,No Flood
2023-10-08 00:00:00,m,9.05,No Flood
2023-10-08 02:00:00,m,8.97,No Flood
2023-10-08 03:00:00,m,8.94,No Flood
2023-10-08 05:00:00,m,8.92,No Flood
2023-10-08 06:00:00,m,8.91,No Flood
2023-10-08 08:00:00,m,8.9,No Flood
2023-10-08 09:00:00,m,8.89,No Flood
2023-10-08 11:00:00,m,8.81,No Flood
2023-10-08 12:00:00,m,8.76,No Flood
2023-10-08 14:00:00,m,8.66,No Flood
2023-10-08 15:00:00,m,8.61,No Flood
2023-10-08 17:00:00,m,8.54,No Flood
2023-10-08 18:00:00,m,8.5,No Flood
2023-10-08 20:00:00,m,8.41,No Flood
2023-10-08 21:00:00,m,8.38,No Flood
2023-10-08 23:00:00,m,8.29,No Flood
2023-10-09 00:00:00,m,8.25,No Flood
2023-10-09 02:00:00,m,8.19,No Flood
2023-10-09 03:00:00,m,8.17,No Flood
2023-10-09 05:00:00,m,8.1,No Flood
2023-10-09 06:00:00,m,8.07,No Flood
2023-10-09 08:00:00,m,7.98,No Flood
2023-10-09 09:00:00,m,7.95,No Flood
2023-10-09 11:00:00,m,7.85,No Flood
2023-10-09 12:00:00,m,7.79,No Flood
2023-10-09 14:00:00,m,7.68,No Flood
2023-10-09 15:00:00,m,7.64,No Flood
2023-10-09 17:00:00,m,7.55,No Flood
2023-10-09 18:00:00,m,7.51,No Flood
2023-10-09 20:00:00,m,7.39,No Flood
2023-10-09 21:00:00,m,7.36,No Flood
2023-10-09 23:00:00,m,7.27,No Flood
2023-10-10 00:00:00,m,7.25,No Flood
2023-10-10 02:00:00,m,7.19,No Flood
2023-10-10 03:00:00,m,7.17,No Flood
2023-10-10 05:00:00,m,7.15,No Flood
2023-10-10 06:00:00,m,7.11,No Flood
2023-10-10 08:00:00,m,7.0,No Flood
2023-10-10 09:00:00,m,6.97,No Flood
2023-10-10 11:00:00,m,6.9,No Flood
2023-10-10 12:00:00,m,6.83,No Flood
2023-10-10 14:00:00,m,6.77,No Flood
2023-10-10 15:00:00,m,6.73,No Flood
2023-10-10 17:00:00,m,6.66,No Flood
2023-10-10 18:00:00,m,6.66,No Flood
2023-10-11 08:00:00,m,7.48,No Flood
2023-10-11 09:00:00,m,7.53,No Flood
2023-10-11 11:00:00,m,7.58,No Flood
2023-10-11 12:00:00,m,7.6,No Flood
2023-10-11 14:00:00,m,7.65,No Flood
2023-10-11 15:00:00,m,7.66,No Flood
2023-10-11 17:00:00,m,7.65,No Flood
2023-10-11 18:00:00,m,7.64,No Flood
2023-10-12 08:00:00,m,8.06,No Flood
2023-10-12 09:00:00,m,8.1,No Flood
2023-10-12 11:00:00,m,8.13,No Flood
2023-10-12 12:00:00,m,8.13,No Flood
2023-10-12 14:00:00,m,8.18,No Flood
2023-10-12 15:00:00,m,8.2,No Flood
2023-10-12 17:00:00,m,8.24,No Flood
2023-10-12 18:00:00,m,8.24,No Flood
2023-10-13 08:00:00,m,8.19,No Flood
2023-10-13 09:00:00,m,8.16,No Flood
2023-10-13 11:00:00,m,8.12,No Flood
2023-10-13 12:00:00,m,8.06,No Flood
2023-10-13 14:00:00,m,7.98,No Flood
2023-10-13 15:00:00,m,7.92,No Flood
2023-10-13 17:00:00,m,7.81,No Flood
2023-10-13 18:00:00,m,7.75,No Flood
2023-10-14 08:00:00,m,6.96,No Flood
2023-10-14 09:00:00,m,6.95,No Flood
2023-10-14 11:00:00,m,6.94,No Flood
2023-10-14 12:00:00,m,6.93,No Flood
2023-10-14 14:00:00,m,6.88,No Flood
2023-10-14 15:00:00,m,6.85,No Flood
2023-10-15 08:00:00,m,7.18,No Flood
2023-10-15 09:00:00,m,7.19,No Flood
2023-10-15 11:00:00,m,7.2,No Flood
2023-10-15 12:00:00,m,7.2,No Flood
2023-10-15 14:00:00,m,7.12,No Flood
2023-10-15 15:00:00,m,7.06,No Flood
2023-10-16 08:00:00,m,6.42,No Flood
2023-10-16 09:00:00,m,6.37,No Flood
2023-10-16 11:00:00,m,6.26,No Flood
2023-10-16 12:00:00,m,6.22,No Flood
2023-10-16 14:00:00,m,6.14,No Flood
2023-10-16 15:00:00,m,6.1,No Flood
2023-10-17 08:00:00,m,5.84,No Flood
2023-10-17 09:00:00,m,5.84,No Flood
2023-10-17 11:00:00,m,5.82,No Flood
2023-10-17 12:00:00,m,5.81,No Flood
2023-10-17 14:00:00,m,5.79,No Flood
2023-10-17 15:00:00,m,5.79,No Flood
2023-10-18 08:00:00,m,6.38,No Flood
2023-10-18 09:00:00,m,6.34,No Flood
2023-10-18 11:00:00,m,6.23,No Flood
2023-10-18 12:00:00,m,6.21,No Flood
2023-10-18 14:00:00,m,6.21,No Flood
2023-10-18 15:00:00,m,6.35,No Flood
2023-10-19 08:00:00,m,7.59,No Flood
2023-10-19 09:00:00,m,7.59,No Flood
2023-10-19 11:00:00,m,7.57,No Flood
2023-10-19 12:00:00,m,7.55,No Flood
2023-10-19 14:00:00,m,7.47,No Flood
2023-10-19 15:00:00,m,7.39,No Flood
2023-10-20 08:00:00,m,6.56,No Flood
2023-10-20 09:00:00,m,6.5,No Flood
2023-10-20 11:00:00,m,6.4,No Flood
2023-10-20 12:00:00,m,6.36,No Flood
2023-10-20 14:00:00,m,6.24,No Flood
2023-10-20 15:00:00,m,6.2,No Flood
2023-10-21 08:00:00,m,6.86,No Flood
2023-10-21 09:00:00,m,6.91,No Flood
2023-10-21 11:00:00,m,6.96,No Flood
2023-10-21 12:00:00,m,6.98,No Flood
2023-10-21 14:00:00,m,7.0,No Flood
2023-10-21 15:00:00,m,7.04,No Flood
2023-10-22 08:00:00,m,6.54,No Flood
2023-10-22 09:00:00,m,6.52,No Flood
2023-10-22 11:00:00,m,6.45,No Flood
2023-10-22 12:00:00,m,6.39,No Flood
2023-10-23 08:00:00,m,6.91,No Flood
2023-10-23 09:00:00,m,7.01,No Flood
2023-10-23 11:00:00,m,7.21,No Flood
2023-10-23 12:00:00,m,7.27,No Flood
2023-10-23 14:00:00,m,7.38,No Flood
2023-10-23 15:00:00,m,7.42,No Flood
2023-10-23 17:00:00,m,7.5,No Flood
2023-10-23 18:00:00,m,7.52,No Flood
2023-10-23 20:00:00,m,7.55,No Flood
2023-10-23 21:00:00,m,7.56,No Flood
2023-10-23 23:00:00,m,7.56,No Flood
2023-10-24 00:00:00,m,7.56,No Flood
2023-10-24 02:00:00,m,7.51,No Flood
2023-10-24 03:00:00,m,7.48,No Flood
2023-10-24 05:00:00,m,7.39,No Flood
2023-10-24 06:00:00,m,7.36,No Flood
2023-10-24 08:00:00,m,7.26,No Flood
2023-10-24 09:00:00,m,7.23,No Flood
2023-10-24 11:00:00,m,7.0,No Flood
2023-10-24 12:00:00,m,6.96,No Flood
2023-10-24 14:00:00,m,6.78,No Flood
2023-10-24 15:00:00,m,6.68,No Flood
2023-10-24 17:00:00,m,6.7,No Flood
2023-10-24 18:00:00,m,6.67,No Flood
2023-10-25 08:00:00,m,6.93,No Flood
2023-10-25 09:00:00,m,6.98,No Flood
2023-10-25 11:00:00,m,7.0,No Flood
2023-10-25 12:00:00,m,6.98,No Flood
2023-10-25 14:00:00,m,6.95,No Flood
2023-10-25 15:00:00,m,6.95,No Flood
2023-10-25 17:00:00,m,6.97,No Flood
2023-10-25 18:00:00,m,6.95,No Flood
2023-10-26 08:00:00,m,6.19,No Flood
2023-10-26 09:00:00,m,6.16,No Flood
2023-10-26 11:00:00,m,6.07,No Flood
2023-10-26 12:00:00,m,6.02,No Flood
2023-10-26 14:00:00,m,5.98,No Flood
2023-10-26 15:00:00,m,5.95,No Flood
2023-10-27 08:00:00,m,6.45,No Flood
2023-10-27 09:00:00,m,6.4,No Flood
2023-10-27 23:00:00,m,6.3,No Flood
2023-10-27 12:00:00,m,6.24,No Flood
2023-10-27 14:00:00,m,6.12,No Flood
2023-10-27 15:00:00,m,6.08,No Flood
2023-10-27 17:00:00,m,6.63,No Flood
2023-10-27 18:00:00,m,6.74,No Flood
2023-10-28 08:00:00,m,7.46,No Flood
2023-10-28 09:00:00,m,7.45,No Flood
2023-10-28 23:00:00,m,7.43,No Flood
2023-10-28 12:00:00,m,7.4,No Flood
2023-10-28 14:00:00,m,7.31,No Flood
2023-10-28 15:00:00,m,7.26,No Flood
2023-10-29 08:00:00,m,7.74,No Flood
2023-10-29 09:00:00,m,7.76,No Flood
2023-10-29 11:00:00,m,7.84,No Flood
2023-10-29 12:00:00,m,7.88,No Flood
2023-10-29 14:00:00,m,7.9,No Flood
2023-10-29 15:00:00,m,7.9,No Flood
2023-10-30 11:00:00,m,7.15,No Flood
2023-10-30 12:00:00,m,7.05,No Flood
2023-10-30 14:00:00,m,6.93,No Flood
2023-10-30 15:00:00,m,6.84,No Flood
2023-10-30 17:00:00,m,6.67,No Flood
2023-10-30 18:00:00,m,6.9,No Flood
2023-10-31 08:00:00,m,8.47,No Flood
2023-10-31 09:00:00,m,8.48,No Flood
2023-10-31 11:00:00,m,8.49,No Flood
2023-10-31 12:00:00,m,8.49,No Flood
2023-10-31 14:00:00,m,8.48,No Flood
2023-10-31 15:00:00,m,8.48,No Flood
2023-10-31 17:00:00,m,8.48,No Flood
2023-10-31 18:00:00,m,8.56,No Flood
2023-10-31 20:00:00,m,8.76,No Flood
2023-10-31 21:00:00,m,8.8,No Flood
2023-10-31 23:00:00,m,8.81,No Flood
2023-11-01 00:00:00,m,8.82,No Flood
2023-11-01 02:00:00,m,8.83,No Flood
2023-11-01 03:00:00,m,8.83,No Flood
2023-11-01 05:00:00,m,8.85,No Flood
2023-11-01 06:00:00,m,8.86,No Flood
2023-11-01 08:00:00,m,8.86,No Flood
2023-11-01 09:00:00,m,8.86,No Flood
2023-11-01 11:00:00,m,8.87,No Flood
2023-11-01 12:00:00,m,8.87,No Flood
2023-11-01 14:00:00,m,8.89,No Flood
2023-11-01 15:00:00,m,8.88,No Flood
2023-11-01 17:00:00,m,8.87,No Flood
2023-11-01 18:00:00,m,8.86,No Flood
2023-11-01 20:00:00,m,8.85,No Flood
2023-11-01 21:00:00,m,8.84,No Flood
2023-11-01 23:00:00,m,8.81,No Flood
2023-11-02 00:00:00,m,8.81,No Flood
2023-11-02 02:00:00,m,8.79,No Flood
2023-11-02 03:00:00,m,8.79,No Flood
2023-11-02 05:00:00,m,8.78,No Flood
2023-11-02 06:00:00,m,8.77,No Flood
2023-11-02 08:00:00,m,8.72,No Flood
2023-11-02 09:00:00,m,8.71,No Flood
2023-11-02 11:00:00,m,8.69,No Flood
2023-11-02 12:00:00,m,8.69,No Flood
2023-11-02 14:00:00,m,8.65,No Flood
2023-11-02 15:00:00,m,8.62,No Flood
2023-11-02 17:00:00,m,8.7,No Flood
2023-11-02 18:00:00,m,8.68,No Flood
2023-11-03 08:00:00,m,8.08,No Flood
2023-11-03 09:00:00,m,8.0,No Flood
2023-11-03 11:00:00,m,7.86,No Flood
2023-11-03 12:00:00,m,7.8,No Flood
2023-11-03 14:00:00,m,7.61,No Flood
2023-11-03 15:00:00,m,7.52,No Flood
2023-11-03 17:00:00,m,7.38,No Flood
2023-11-03 18:00:00,m,7.32,No Flood
2023-11-04 08:00:00,m,7.75,No Flood
2023-11-04 09:00:00,m,7.74,No Flood
2023-11-04 11:00:00,m,7.73,No Flood
2023-11-04 12:00:00,m,7.72,No Flood
2023-11-04 14:00:00,m,7.7,No Flood
2023-11-04 15:00:00,m,7.69,No Flood
2023-11-05 08:00:00,m,7.72,No Flood
2023-11-05 09:00:00,m,7.72,No Flood
2023-11-05 11:00:00,m,7.68,No Flood
2023-11-05 12:00:00,m,7.68,No Flood
2023-11-05 14:00:00,m,7.6,No Flood
2023-11-05 15:00:00,m,7.56,No Flood
2023-11-06 08:00:00,m,7.8,No Flood
2023-11-06 09:00:00,m,7.8,No Flood
2023-11-06 17:00:00,m,7.83,No Flood
2023-11-06 18:00:00,m,7.88,No Flood
2023-11-07 08:00:00,m,8.48,No Flood
2023-11-07 09:00:00,m,8.49,No Flood
2023-11-07 14:00:00,m,8.53,No Flood
2023-11-07 15:00:00,m,8.53,No Flood
2023-11-08 08:00:00,m,8.38,No Flood
2023-11-08 09:00:00,m,8.35,No Flood
2023-11-08 11:00:00,m,8.26,No Flood
2023-11-08 12:00:00,m,8.24,No Flood
2023-11-08 17:00:00,m,8.08,No Flood
2023-11-08 18:00:00,m,8.02,No Flood
2023-11-09 08:00:00,m,7.43,No Flood
2023-11-09 09:00:00,m,7.38,No Flood
2023-11-09 11:00:00,m,7.24,No Flood
2023-11-09 12:00:00,m,7.19,No Flood
2023-11-09 14:00:00,m,7.0,No Flood
2023-11-09 15:00:00,m,6.98,No Flood
2023-11-09 17:00:00,m,7.04,No Flood
2023-11-09 18:00:00,m,7.4,No Flood
2023-11-10 08:00:00,m,8.14,No Flood
2023-11-10 09:00:00,m,8.16,No Flood
2023-11-10 11:00:00,m,8.2,No Flood
2023-11-10 12:00:00,m,8.22,No Flood
2023-11-10 14:00:00,m,8.25,No Flood
2023-11-10 15:00:00,m,8.26,No Flood
2023-11-10 17:00:00,m,8.26,No Flood
2023-11-10 18:00:00,m,8.25,No Flood
2023-11-11 08:00:00,m,7.86,No Flood
2023-11-11 09:00:00,m,7.84,No Flood
2023-11-11 11:00:00,m,7.73,No Flood
2023-11-11 12:00:00,m,7.7,No Flood
2023-11-11 14:00:00,m,7.56,No Flood
2023-11-11 15:00:00,m,7.5,No Flood
2023-11-11 17:00:00,m,7.4,No Flood
2023-11-11 18:00:00,m,7.34,No Flood
2023-11-12 08:00:00,m,6.69,No Flood
2023-11-12 09:00:00,m,6.68,No Flood
2023-11-12 11:00:00,m,6.65,No Flood
2023-11-12 12:00:00,m,6.63,No Flood
2023-11-12 14:00:00,m,6.54,No Flood
2023-11-12 15:00:00,m,6.48,No Flood
2023-11-13 08:00:00,m,7.65,No Flood
2023-11-13 09:00:00,m,7.69,No Flood
2023-11-13 11:00:00,m,7.77,No Flood
2023-11-13 12:00:00,m,7.8,No Flood
2023-11-13 14:00:00,m,7.84,No Flood
2023-11-13 15:00:00,m,7.86,No Flood
2023-11-13 17:00:00,m,7.88,No Flood
2023-11-13 18:00:00,m,7.89,No Flood
2023-11-14 08:00:00,m,7.71,No Flood
2023-11-14 09:00:00,m,7.7,No Flood
2023-11-15 08:00:00,m,6.28,No Flood
2023-11-15 09:00:00,m,6.24,No Flood
2023-11-16 08:00:00,m,6.14,No Flood
2023-11-16 09:00:00,m,6.1,No Flood
2023-11-17 08:00:00,m,6.05,No Flood
2023-11-17 09:00:00,m,6.06,No Flood
2023-11-18 08:00:00,m,6.7,No Flood
2023-11-18 09:00:00,m,6.71,No Flood
2023-11-19 08:00:00,m,7.56,No Flood
2023-11-19 09:00:00,m,7.63,No Flood
2023-11-20 08:00:00,m,8.2,No Flood
2023-11-20 09:00:00,m,8.18,No Flood
2023-11-20 11:00:00,m,8.14,No Flood
2023-11-20 12:00:00,m,8.12,No Flood
2023-11-20 14:00:00,m,8.03,No Flood
2023-11-20 15:00:00,m,7.98,No Flood
2023-11-20 17:00:00,m,7.9,No Flood
2023-11-20 18:00:00,m,7.88,No Flood
2023-11-21 08:00:00,m,7.7,No Flood
2023-11-21 09:00:00,m,7.66,No Flood
2023-11-21 11:00:00,m,7.54,No Flood
2023-11-21 12:00:00,m,7.47,No Flood
2023-11-21 14:00:00,m,7.3,No Flood
2023-11-21 15:00:00,m,7.24,No Flood
2023-11-22 08:00:00,m,7.05,No Flood
2023-11-22 09:00:00,m,7.09,No Flood
2023-11-22 11:00:00,m,7.14,No Flood
2023-11-22 12:00:00,m,7.15,No Flood
2023-11-22 14:00:00,m,7.18,No Flood
2023-11-22 15:00:00,m,7.2,No Flood
2023-11-22 17:00:00,m,7.29,No Flood
2023-11-22 18:00:00,m,7.9,No Flood
2023-11-22 20:00:00,m,8.25,No Flood
2023-11-22 21:00:00,m,8.3,No Flood
2023-11-22 23:00:00,m,8.35,No Flood
2023-11-23 00:00:00,m,8.37,No Flood
2023-11-23 02:00:00,m,8.5,No Flood
2023-11-23 03:00:00,m,8.53,No Flood
2023-11-23 05:00:00,m,8.53,No Flood
2023-11-23 06:00:00,m,8.53,No Flood
2023-11-23 08:00:00,m,8.59,No Flood
2023-11-23 09:00:00,m,8.6,No Flood
2023-11-23 11:00:00,m,8.64,No Flood
2023-11-23 12:00:00,m,8.66,No Flood
2023-11-23 14:00:00,m,8.68,No Flood
2023-11-23 15:00:00,m,8.69,No Flood
2023-11-23 17:00:00,m,8.71,No Flood
2023-11-23 18:00:00,m,8.71,No Flood
2023-11-23 20:00:00,m,8.72,No Flood
2023-11-23 21:00:00,m,8.72,No Flood
2023-11-23 23:00:00,m,8.73,No Flood
2023-11-24 00:00:00,m,8.73,No Flood
2023-11-24 02:00:00,m,8.71,No Flood
2023-11-24 03:00:00,m,8.7,No Flood
2023-11-24 05:00:00,m,8.66,No Flood
2023-11-24 06:00:00,m,8.66,No Flood
2023-11-24 08:00:00,m,8.62,No Flood
2023-11-24 09:00:00,m,8.6,No Flood
2023-11-24 11:00:00,m,8.52,No Flood
2023-11-24 12:00:00,m,8.5,No Flood
2023-11-24 14:00:00,m,8.42,No Flood
2023-11-24 15:00:00,m,8.36,No Flood
2023-11-24 17:00:00,m,8.46,No Flood
2023-11-24 18:00:00,m,8.4,No Flood
2023-11-25 08:00:00,m,7.42,No Flood
2023-11-25 09:00:00,m,7.3,No Flood
2023-11-25 11:00:00,m,7.07,No Flood
2023-11-25 12:00:00,m,6.98,No Flood
2023-11-25 14:00:00,m,6.78,No Flood
2023-11-25 15:00:00,m,6.67,No Flood
2023-11-26 08:00:00,m,6.15,No Flood
2023-11-26 09:00:00,m,6.12,No Flood
2023-11-27 08:00:00,m,5.78,No Flood
2023-11-27 09:00:00,m,5.75,No Flood
2023-11-28 08:00:00,m,5.95,No Flood
2023-11-28 09:00:00,m,5.92,No Flood
2023-11-29 08:00:00,m,7.2,No Flood
2023-11-29 09:00:00,m,7.15,No Flood
2023-11-30 08:00:00,m,7.0,No Flood
2023-11-30 09:00:00,m,7.02,No Flood
2023-12-02 08:00:00,m,5.44,No Flood
2023-12-02 09:00:00,m,5.44,No Flood
2023-12-03 08:00:00,m,5.17,No Flood
2023-12-03 09:00:00,m,5.16,No Flood
2023-12-04 08:00:00,m,6.44,No Flood
2023-12-04 09:00:00,m,6.63,No Flood
2023-12-05 08:00:00,m,7.85,No Flood
2023-12-05 09:00:00,m,7.84,No Flood
2023-12-06 08:00:00,m,6.81,No Flood
2023-12-06 09:00:00,m,6.78,No Flood
2023-12-07 08:00:00,m,6.03,No Flood
2023-12-07 09:00:00,m,6.0,No Flood
2023-12-08 08:00:00,m,6.59,No Flood
2023-12-08 09:00:00,m,6.68,No Flood
2023-12-09 08:00:00,m,7.6,No Flood
2023-12-09 09:00:00,m,7.63,No Flood
2023-12-10 08:00:00,m,6.3,No Flood
2023-12-10 09:00:00,m,6.25,No Flood
2023-12-11 08:00:00,m,7.48,No Flood
2023-12-11 09:00:00,m,7.46,No Flood
2023-12-12 08:00:00,m,7.75,No Flood
2023-12-12 09:00:00,m,7.75,No Flood
2023-12-12 11:00:00,m,7.71,No Flood
2023-12-12 12:00:00,m,7.69,No Flood
2023-12-12 14:00:00,m,7.6,No Flood
2023-12-12 15:00:00,m,7.57,No Flood
2023-12-12 17:00:00,m,7.46,No Flood
2023-12-12 18:00:00,m,7.4,No Flood
2023-12-13 08:00:00,m,7.24,No Flood
2023-12-13 09:00:00,m,7.23,No Flood
2023-12-13 11:00:00,m,7.22,No Flood
2023-12-13 12:00:00,m,7.19,No Flood
2023-12-13 14:00:00,m,7.1,No Flood
2023-12-13 15:00:00,m,7.0,No Flood
2023-12-13 17:00:00,m,6.9,No Flood
2023-12-13 18:00:00,m,6.82,No Flood
2023-12-14 08:00:00,m,6.52,No Flood
2023-12-14 09:00:00,m,6.49,No Flood
2023-12-14 11:00:00,m,6.39,No Flood
2023-12-14 12:00:00,m,6.35,No Flood
2023-12-14 14:00:00,m,6.24,No Flood
2023-12-14 15:00:00,m,6.19,No Flood
2023-12-14 17:00:00,m,6.09,No Flood
2023-12-14 18:00:00,m,6.03,No Flood
2023-12-15 08:00:00,m,7.76,No Flood
2023-12-15 09:00:00,m,7.76,No Flood
2023-12-15 11:00:00,m,7.75,No Flood
2023-12-15 12:00:00,m,7.74,No Flood
2023-12-15 14:00:00,m,7.68,No Flood
2023-12-15 15:00:00,m,7.64,No Flood
2023-12-15 17:00:00,m,7.66,No Flood
2023-12-15 18:00:00,m,7.73,No Flood
2023-12-16 08:00:00,m,7.36,No Flood
2023-12-16 09:00:00,m,7.34,No Flood
2023-12-16 11:00:00,m,7.28,No Flood
2023-12-16 12:00:00,m,7.24,No Flood
2023-12-16 14:00:00,m,7.15,No Flood
2023-12-16 15:00:00,m,7.09,No Flood
2023-12-17 08:00:00,m,7.33,No Flood
2023-12-17 09:00:00,m,7.37,No Flood
2023-12-17 11:00:00,m,7.43,No Flood
2023-12-17 12:00:00,m,7.45,No Flood
2023-12-17 14:00:00,m,7.46,No Flood
2023-12-17 15:00:00,m,7.46,No Flood
2023-12-18 08:00:00,m,6.4,No Flood
2023-12-18 09:00:00,m,6.34,No Flood
2023-12-18 11:00:00,m,6.2,No Flood
2023-12-18 12:00:00,m,6.15,No Flood
2023-12-18 14:00:00,m,6.04,No Flood
2023-12-18 15:00:00,m,6.0,No Flood
2023-12-18 17:00:00,m,5.98,No Flood
2023-12-18 18:00:00,m,5.98,No Flood
2023-12-19 08:00:00,m,7.78,No Flood
2023-12-19 09:00:00,m,7.82,No Flood
2023-12-19 11:00:00,m,7.89,No Flood
2023-12-19 12:00:00,m,7.9,No Flood
2023-12-19 14:00:00,m,7.95,No Flood
2023-12-19 15:00:00,m,7.95,No Flood
2023-12-19 17:00:00,m,8.0,No Flood
2023-12-19 18:00:00,m,8.03,No Flood
2023-12-20 08:00:00,m,7.36,No Flood
2023-12-20 09:00:00,m,7.28,No Flood
2023-12-20 11:00:00,m,7.09,No Flood
2023-12-20 12:00:00,m,7.09,No Flood
2023-12-20 14:00:00,m,6.85,No Flood
2023-12-20 15:00:00,m,6.78,No Flood
2023-12-20 17:00:00,m,6.6,No Flood
2023-12-20 18:00:00,m,6.49,No Flood
2023-12-21 08:00:00,m,6.03,No Flood
2023-12-21 09:00:00,m,6.0,No Flood
2023-12-21 11:00:00,m,5.95,No Flood
2023-12-21 12:00:00,m,5.9,No Flood
2023-12-21 14:00:00,m,5.84,No Flood
2023-12-21 15:00:00,m,5.82,No Flood
2023-12-21 17:00:00,m,5.78,No Flood
2023-12-21 18:00:00,m,5.76,No Flood
2023-12-22 08:00:00,m,5.5,No Flood
2023-12-22 09:00:00,m,5.5,No Flood
2023-12-23 08:00:00,m,5.31,No Flood
2023-12-23 09:00:00,m,5.3,No Flood
2023-12-24 08:00:00,m,5.05,No Flood
2023-12-24 09:00:00,m,5.03,No Flood
2023-12-27 08:00:00,m,4.73,No Flood
2023-12-27 09:00:00,m,4.73,No Flood
2023-12-28 08:00:00,m,4.68,No Flood
2023-12-28 09:00:00,m,4.69,No Flood
2023-12-29 08:00:00,m,4.62,No Flood
2023-12-29 09:00:00,m,4.61,No Flood
2023-12-30 08:00:00,m,4.66,No Flood
2023-12-30 09:00:00,m,4.67,No Flood
2023-12-31 08:00:00,m,4.76,No Flood
2023-12-31 09:00:00,m,4.77,No Flood
2024-01-01 08:00:00,m,5.59,No Flood
2024-01-01 09:00:00,m,5.59,No Flood
2024-01-02 08:00:00,m,5.37,No Flood
2024-01-02 09:00:00,m,5.35,No Flood
2024-01-03 08:00:00,m,4.87,No Flood
2024-01-03 09:00:00,m,4.84,No Flood
2024-01-04 08:00:00,m,5.6,No Flood
2024-01-04 09:00:00,m,5.66,No Flood
2024-01-05 08:00:00,m,6.08,No Flood
2024-01-05 09:00:00,m,6.19,No Flood
2024-01-06 08:00:00,m,6.18,No Flood
2024-01-06 09:00:00,m,6.16,No Flood
2024-01-07 08:00:00,m,6.91,No Flood
2024-01-07 09:00:00,m,6.95,No Flood
2024-01-08 08:00:00,m,6.73,No Flood
2024-01-08 09:00:00,m,6.72,No Flood
2024-01-09 08:00:00,m,5.43,No Flood
2024-01-09 09:00:00,m,5.42,No Flood
2024-01-10 08:00:00,m,5.54,No Flood
2024-01-10 09:00:00,m,5.49,No Flood
2024-01-11 08:00:00,m,5.13,No Flood
2024-01-11 09:00:00,m,5.13,No Flood
2024-01-12 08:00:00,m,4.89,No Flood
2024-01-12 09:00:00,m,4.87,No Flood
2024-01-13 08:00:00,m,4.68,No Flood
2024-01-13 09:00:00,m,4.67,No Flood
2024-01-14 08:00:00,m,4.55,No Flood
2024-01-14 09:00:00,m,4.55,No Flood
2024-01-15 08:00:00,m,4.47,No Flood
2024-01-15 09:00:00,m,4.47,No Flood
2024-01-16 08:00:00,m,4.4,No Flood
2024-01-16 09:00:00,m,4.4,No Flood
2024-01-17 08:00:00,m,4.34,No Flood
2024-01-17 09:00:00,m,4.34,No Flood
2024-01-18 08:00:00,m,4.3,No Flood
2024-01-18 09:00:00,m,4.3,No Flood
2024-01-19 08:00:00,m,4.4,No Flood
2024-01-19 09:00:00,m,4.42,No Flood
2024-01-20 08:00:00,m,5.2,No Flood
2024-01-20 09:00:00,m,5.2,No Flood
2024-01-22 08:00:00,m,4.8,No Flood
2024-01-22 09:00:00,m,4.78,No Flood
2024-01-24 08:00:00,m,4.33,No Flood
2024-01-24 09:00:00,m,4.36,No Flood
2024-01-27 08:00:00,m,4.17,No Flood
2024-01-27 09:00:00,m,4.17,No Flood
2024-02-05 08:00:00,m,5.76,No Flood
2024-02-05 09:00:00,m,5.77,No Flood
2024-02-06 08:00:00,m,5.63,No Flood
2024-02-06 09:00:00,m,5.63,No Flood
2024-02-07 08:00:00,m,4.72,No Flood
2024-02-07 09:00:00,m,4.7,No Flood
2024-02-14 08:00:00,m,4.15,No Flood
2024-02-14 09:00:00,m,4.15,No Flood
2024-03-12 08:00:00,m,3.88,No Flood
2024-03-12 09:00:00,m,3.88,No Flood
2024-03-13 08:00:00,m,3.87,No Flood
2024-03-13 09:00:00,m,3.86,No Flood
2024-04-13 08:00:00,m,4.36,No Flood
2024-04-13 09:00:00,m,4.35,No Flood
2024-04-22 08:00:00,m,4.86,No Flood
2024-04-22 09:00:00,m,4.88,No Flood
2024-04-28 08:00:00,m,7.24,No Flood
2024-04-28 09:00:00,m,7.3,No Flood
2024-05-04 08:00:00,m,4.33,No Flood
2024-05-04 09:00:00,m,4.31,No Flood
2024-05-15 08:00:00,m,5.63,No Flood
2024-05-15 09:00:00,m,5.63,No Flood
2024-05-18 17:00:00,m,4.74,No Flood
2024-05-18 18:00:00,m,4.73,No Flood
2024-05-19 05:00:00,m,4.8,No Flood
2024-05-19 06:00:00,m,4.85,No Flood
2024-05-19 08:00:00,m,5.03,No Flood
2024-05-19 09:00:00,m,5.08,No Flood
2024-05-19 11:00:00,m,5.18,No Flood
2024-05-19 12:00:00,m,5.24,No Flood
2024-05-19 14:00:00,m,5.3,No Flood
2024-05-19 15:00:00,m,5.31,No Flood
2024-05-19 17:00:00,m,5.38,No Flood
2024-05-19 18:00:00,m,5.46,No Flood
2024-05-19 20:00:00,m,5.63,No Flood
2024-05-19 21:00:00,m,5.74,No Flood
2024-05-19 23:00:00,m,6.03,No Flood
2024-05-20 00:00:00,m,6.1,No Flood
2024-05-20 02:00:00,m,6.44,No Flood
2024-05-20 03:00:00,m,6.7,No Flood
2024-05-20 05:00:00,m,6.91,No Flood
2024-05-20 06:00:00,m,6.99,No Flood
2024-05-20 08:00:00,m,7.1,No Flood
2024-05-20 09:00:00,m,7.18,No Flood
2024-05-20 14:00:00,m,7.69,No Flood
2024-05-20 15:00:00,m,7.8,No Flood
2024-05-20 17:00:00,m,7.96,No Flood
2024-05-20 18:00:00,m,8.06,No Flood
2024-05-20 20:00:00,m,8.1,No Flood
2024-05-20 21:00:00,m,8.15,No Flood
2024-05-20 23:00:00,m,8.3,No Flood
2024-05-21 00:00:00,m,8.4,No Flood
2024-05-21 05:00:00,m,8.53,No Flood
2024-05-21 06:00:00,m,8.53,No Flood
2024-05-21 08:00:00,m,8.53,No Flood
2024-05-21 09:00:00,m,8.56,No Flood
2024-05-21 11:00:00,m,8.58,No Flood
2024-05-21 12:00:00,m,8.59,No Flood
2024-05-21 14:00:00,m,8.6,No Flood
2024-05-21 15:00:00,m,8.6,No Flood
2024-05-21 17:00:00,m,8.62,No Flood
2024-05-21 18:00:00,m,8.6,No Flood
2024-05-21 20:00:00,m,8.59,No Flood
2024-05-21 21:00:00,m,8.59,No Flood
2024-05-21 23:00:00,m,8.56,No Flood
2024-05-22 00:00:00,m,8.53,No Flood
2024-05-22 02:00:00,m,8.45,No Flood
2024-05-22 03:00:00,m,8.45,No Flood
2024-05-22 05:00:00,m,8.45,No Flood
2024-05-22 06:00:00,m,8.45,No Flood
2024-05-22 08:00:00,m,8.56,No Flood
2024-05-22 09:00:00,m,8.55,No Flood
2024-05-22 14:00:00,m,8.49,No Flood
2024-05-22 15:00:00,m,8.49,No Flood
2024-05-22 17:00:00,m,8.48,No Flood
2024-05-22 18:00:00,m,8.46,No Flood
2024-05-22 20:00:00,m,8.44,No Flood
2024-05-22 21:00:00,m,8.43,No Flood
2024-05-22 23:00:00,m,8.46,No Flood
2024-05-23 00:00:00,m,8.46,No Flood
2024-05-23 02:00:00,m,8.44,No Flood
2024-05-23 03:00:00,m,8.43,No Flood
2024-05-23 05:00:00,m,8.47,No Flood
2024-05-23 06:00:00,m,8.49,No Flood
2024-05-23 08:00:00,m,8.53,No Flood
2024-05-23 09:00:00,m,8.55,No Flood
2024-05-23 11:00:00,m,8.6,No Flood
2024-05-23 12:00:00,m,8.6,No Flood
2024-05-23 14:00:00,m,8.62,No Flood
2024-05-23 15:00:00,m,8.62,No Flood
2024-05-23 17:00:00,m,8.63,No Flood
2024-05-23 18:00:00,m,8.63,No Flood
2024-05-23 20:00:00,m,8.63,No Flood
2024-05-23 21:00:00,m,8.64,No Flood
2024-05-23 23:00:00,m,8.67,No Flood
2024-05-24 00:00:00,m,8.7,No Flood
2024-05-24 02:00:00,m,8.71,No Flood
2024-05-24 03:00:00,m,8.71,No Flood
2024-05-24 05:00:00,m,8.67,No Flood
2024-05-24 06:00:00,m,8.65,No Flood
2024-05-24 08:00:00,m,8.65,No Flood
2024-05-24 09:00:00,m,8.65,No Flood
2024-05-24 11:00:00,m,8.62,No Flood
2024-05-24 12:00:00,m,8.63,No Flood
2024-05-24 17:00:00,m,8.61,No Flood
2024-05-24 18:00:00,m,8.6,No Flood
2024-05-24 20:00:00,m,8.6,No Flood
2024-05-24 21:00:00,m,8.6,No Flood
2024-05-24 23:00:00,m,8.59,No Flood
2024-05-25 00:00:00,m,8.58,No Flood
2024-05-25 02:00:00,m,8.52,No Flood
2024-05-25 03:00:00,m,8.5,No Flood
2024-05-25 05:00:00,m,8.5,No Flood
2024-05-25 06:00:00,m,8.5,No Flood
2024-05-25 08:00:00,m,8.49,No Flood
2024-05-25 09:00:00,m,8.49,No Flood
2024-05-25 11:00:00,m,8.47,No Flood
2024-05-25 12:00:00,m,8.47,No Flood
2024-05-25 14:00:00,m,8.45,No Flood
2024-05-25 15:00:00,m,8.44,No Flood
2024-05-25 17:00:00,m,8.41,No Flood
2024-05-25 18:00:00,m,8.4,No Flood
2024-05-25 20:00:00,m,8.4,No Flood
2024-05-25 21:00:00,m,8.38,No Flood
2024-05-25 23:00:00,m,8.5,No Flood
2024-05-26 00:00:00,m,8.52,No Flood
2024-05-26 02:00:00,m,8.54,No Flood
2024-05-26 03:00:00,m,8.54,No Flood
2024-05-26 05:00:00,m,8.52,No Flood
2024-05-26 06:00:00,m,8.52,No Flood
2024-05-26 11:00:00,m,8.6,No Flood
2024-05-26 12:00:00,m,8.6,No Flood
2024-05-26 14:00:00,m,8.59,No Flood
2024-05-26 15:00:00,m,8.6,No Flood
2024-05-26 17:00:00,m,8.62,No Flood
2024-05-26 18:00:00,m,8.62,No Flood
2024-05-26 20:00:00,m,8.64,No Flood
2024-05-26 21:00:00,m,8.63,No Flood
2024-05-26 23:00:00,m,8.62,No Flood
2024-05-27 00:00:00,m,8.63,No Flood
2024-05-27 02:00:00,m,8.62,No Flood
2024-05-27 03:00:00,m,8.61,No Flood
2024-05-27 05:00:00,m,8.61,No Flood
2024-05-27 06:00:00,m,8.61,No Flood
2024-05-27 08:00:00,m,8.62,No Flood
2024-05-27 09:00:00,m,8.62,No Flood
2024-05-27 11:00:00,m,8.65,No Flood
2024-05-27 12:00:00,m,8.65,No Flood
2024-05-27 14:00:00,m,8.65,No Flood
2024-05-27 15:00:00,m,8.65,No Flood
2024-05-27 17:00:00,m,8.65,No Flood
2024-05-27 18:00:00,m,8.65,No Flood
2024-05-27 20:00:00,m,8.68,No Flood
2024-05-27 21:00:00,m,8.7,No Flood
2024-05-27 23:00:00,m,8.7,No Flood
2024-05-28 00:00:00,m,8.7,No Flood
2024-05-28 02:00:00,m,8.7,No Flood
2024-05-28 03:00:00,m,8.73,No Flood
2024-05-28 05:00:00,m,8.79,No Flood
2024-05-28 06:00:00,m,8.79,No Flood
2024-05-28 08:00:00,m,8.81,No Flood
2024-05-28 09:00:00,m,8.82,No Flood
2024-05-28 11:00:00,m,8.82,No Flood
2024-05-28 12:00:00,m,8.84,No Flood
2024-05-28 14:00:00,m,8.86,No Flood
2024-05-28 15:00:00,m,8.88,No Flood
2024-05-28 17:00:00,m,8.9,No Flood
2024-05-28 18:00:00,m,8.91,No Flood
2024-05-28 20:00:00,m,8.95,No Flood
2024-05-28 21:00:00,m,8.98,No Flood
2024-05-28 23:00:00,m,9.02,No Flood
2024-05-29 00:00:00,m,9.03,No Flood
2024-05-29 02:00:00,m,9.05,No Flood
2024-05-29 03:00:00,m,9.05,No Flood
2024-05-29 05:00:00,m,9.04,No Flood
2024-05-29 06:00:00,m,9.03,No Flood
2024-05-29 11:00:00,m,9.03,No Flood
2024-05-29 12:00:00,m,9.03,No Flood
2024-05-29 14:00:00,m,9.04,No Flood
2024-05-29 15:00:00,m,9.05,No Flood
2024-05-29 17:00:00,m,9.06,No Flood
2024-05-29 18:00:00,m,9.05,No Flood
2024-05-29 20:00:00,m,9.05,No Flood
2024-05-29 21:00:00,m,9.05,No Flood
2024-05-29 23:00:00,m,9.04,No Flood
2024-05-30 00:00:00,m,9.03,No Flood
2024-05-30 02:00:00,m,9.02,No Flood
2024-05-30 03:00:00,m,9.01,No Flood
2024-05-30 05:00:00,m,9.03,No Flood
2024-05-30 06:00:00,m,9.03,No Flood
2024-05-30 11:00:00,m,9.01,No Flood
2024-05-30 12:00:00,m,9.01,No Flood
2024-05-30 14:00:00,m,9.01,No Flood
2024-05-30 15:00:00,m,9.01,No Flood
2024-05-30 17:00:00,m,9.01,No Flood
2024-05-30 18:00:00,m,9.01,No Flood
2024-05-30 20:00:00,m,9.01,No Flood
2024-05-30 21:00:00,m,8.99,No Flood
2024-05-30 23:00:00,m,8.99,No Flood
2024-05-31 00:00:00,m,8.99,No Flood
2024-05-31 02:00:00,m,8.98,No Flood
2024-05-31 03:00:00,m,8.99,No Flood
2024-05-31 05:00:00,m,9.0,No Flood
2024-05-31 06:00:00,m,9.0,No Flood
2024-05-31 08:00:00,m,9.01,No Flood
2024-05-31 09:00:00,m,9.0,No Flood
2024-05-31 14:00:00,m,9.07,No Flood
2024-05-31 15:00:00,m,9.05,No Flood
2024-05-31 17:00:00,m,9.02,No Flood
2024-05-31 18:00:00,m,9.02,No Flood
2024-06-01 08:00:00,m,8.58,No Flood
2024-06-01 09:00:00,m,8.6,No Flood
2024-06-01 11:00:00,m,8.55,No Flood
2024-06-01 12:00:00,m,8.58,No Flood
2024-06-01 14:00:00,m,8.91,No Flood
2024-06-01 15:00:00,m,8.99,No Flood
2024-06-01 17:00:00,m,8.98,No Flood
2024-06-01 18:00:00,m,8.97,No Flood
2024-06-02 05:00:00,m,11.81,Minor Flood
2024-06-02 06:00:00,m,11.9,Minor Flood
2024-06-02 08:00:00,m,12.04,Minor Flood
2024-06-02 09:00:00,m,12.06,Minor Flood
2024-06-02 11:00:00,m,12.06,Minor Flood
2024-06-02 12:00:00,m,12.17,Minor Flood
2024-06-02 14:00:00,m,12.35,Major Flood
2024-06-02 15:00:00,m,12.38,Major Flood
2024-06-02 17:00:00,m,12.43,Major Flood
2024-06-02 18:00:00,m,12.46,Major Flood
2024-06-02 23:00:00,m,12.56,Major Flood
2024-06-03 00:00:00,m,12.58,Major Flood
2024-06-03 05:00:00,m,12.7,Major Flood
2024-06-03 06:00:00,m,12.72,Major Flood
2024-06-03 08:00:00,m,12.75,Major Flood
2024-06-03 09:00:00,m,12.77,Major Flood
2024-06-03 11:00:00,m,12.79,Major Flood
2024-06-03 12:00:00,m,12.8,Major Flood
2024-06-03 14:00:00,m,12.8,Major Flood
2024-06-03 15:00:00,m,12.81,Major Flood
2024-06-03 17:00:00,m,12.81,Major Flood
2024-06-03 18:00:00,m,12.81,Major Flood
2024-06-03 23:00:00,m,12.76,Major Flood
2024-06-04 00:00:00,m,12.75,Major Flood
2024-06-04 02:00:00,m,12.71,Major Flood
2024-06-04 03:00:00,m,12.68,Major Flood
2024-06-04 05:00:00,m,12.61,Major Flood
2024-06-04 06:00:00,m,12.59,Major Flood
2024-06-04 08:00:00,m,12.56,Major Flood
2024-06-04 09:00:00,m,12.53,Major Flood
2024-06-04 11:00:00,m,12.45,Major Flood
2024-06-04 12:00:00,m,12.43,Major Flood
2024-06-04 14:00:00,m,12.37,Major Flood
2024-06-04 15:00:00,m,12.35,Major Flood
2024-06-04 17:00:00,m,12.27,Major Flood
2024-06-04 18:00:00,m,12.25,Major Flood
2024-06-04 20:00:00,m,12.19,Minor Flood
2024-06-04 21:00:00,m,12.09,Minor Flood
2024-06-04 23:00:00,m,12.07,Minor Flood
2024-06-05 00:00:00,m,12.01,Minor Flood
2024-06-05 02:00:00,m,11.94,Minor Flood
2024-06-05 03:00:00,m,11.94,Minor Flood
2024-06-05 05:00:00,m,11.88,Minor Flood
2024-06-05 06:00:00,m,11.8,Minor Flood
2024-06-05 08:00:00,m,11.7,Minor Flood
2024-06-05 09:00:00,m,11.64,Minor Flood
2024-06-05 11:00:00,m,11.59,Minor Flood
2024-06-05 12:00:00,m,11.55,Minor Flood
2024-06-05 14:00:00,m,11.45,Minor Flood
2024-06-05 15:00:00,m,11.41,Minor Flood
2024-06-05 17:00:00,m,11.31,Minor Flood
2024-06-05 18:00:00,m,11.3,Minor Flood
2024-06-05 20:00:00,m,11.2,Minor Flood
2024-06-05 21:00:00,m,11.14,Minor Flood
2024-06-05 23:00:00,m,11.05,Minor Flood
2024-06-06 00:00:00,m,11.0,Minor Flood
2024-06-06 02:00:00,m,10.9,Minor Flood
2024-06-06 03:00:00,m,10.85,Minor Flood
2024-06-06 05:00:00,m,10.77,Minor Flood
2024-06-06 06:00:00,m,10.69,Alert Level
2024-06-06 11:00:00,m,10.48,Alert Level
2024-06-06 12:00:00,m,10.44,Alert Level
2024-06-06 14:00:00,m,10.33,Alert Level
2024-06-06 15:00:00,m,10.27,Alert Level
2024-06-06 17:00:00,m,10.15,Alert Level
2024-06-06 18:00:00,m,10.09,Alert Level
2024-06-06 20:00:00,m,9.98,No Flood
2024-06-06 21:00:00,m,9.88,No Flood
2024-06-06 23:00:00,m,9.8,No Flood
2024-06-07 00:00:00,m,9.74,No Flood
2024-06-07 02:00:00,m,9.6,No Flood
2024-06-07 03:00:00,m,9.5,No Flood
2024-06-07 05:00:00,m,9.35,No Flood
2024-06-07 06:00:00,m,9.25,No Flood
2024-06-07 08:00:00,m,9.19,No Flood
2024-06-07 09:00:00,m,9.12,No Flood
2024-06-07 11:00:00,m,9.0,No Flood
2024-06-07 12:00:00,m,8.95,No Flood
2024-06-07 14:00:00,m,8.8,No Flood
2024-06-07 15:00:00,m,8.73,No Flood
2024-06-07 17:00:00,m,8.56,No Flood
2024-06-07 18:00:00,m,8.49,No Flood
2024-06-07 20:00:00,m,8.32,No Flood
2024-06-07 21:00:00,m,8.22,No Flood
2024-06-07 23:00:00,m,8.04,No Flood
2024-06-08 00:00:00,m,7.98,No Flood
2024-06-08 02:00:00,m,7.9,No Flood
2024-06-08 03:00:00,m,7.9,No Flood
2024-06-08 05:00:00,m,7.7,No Flood
2024-06-08 06:00:00,m,7.62,No Flood
2024-06-08 08:00:00,m,7.58,No Flood
2024-06-08 09:00:00,m,7.57,No Flood
2024-06-08 11:00:00,m,7.48,No Flood
2024-06-08 12:00:00,m,7.47,No Flood
2024-06-08 14:00:00,m,7.42,No Flood
2024-06-08 15:00:00,m,7.39,No Flood
2024-06-09 08:00:00,m,6.79,No Flood
2024-06-09 09:00:00,m,6.88,No Flood
2024-06-10 08:00:00,m,7.6,No Flood
2024-06-10 09:00:00,m,7.54,No Flood
2024-06-11 08:00:00,m,6.23,No Flood
2024-06-11 09:00:00,m,6.19,No Flood
2024-06-12 08:00:00,m,5.76,No Flood
2024-06-12 09:00:00,m,5.73,No Flood
2024-06-13 08:00:00,m,5.65,No Flood
2024-06-13 09:00:00,m,5.64,No Flood
2024-06-14 08:00:00,m,5.27,No Flood
2024-06-14 09:00:00,m,5.25,No Flood
2024-06-19 08:00:00,m,5.65,No Flood
2024-06-19 09:00:00,m,5.65,No Flood
2024-06-20 08:00:00,m,5.44,No Flood
2024-06-20 09:00:00,m,5.44,No Flood
2024-07-06 08:00:00,m,7.9,No Flood
2024-07-06 09:00:00,m,7.93,No Flood
2024-07-07 08:00:00,m,6.71,No Flood
2024-07-07 09:00:00,m,6.6,No Flood
2024-07-10 08:00:00,m,5.24,No Flood
2024-07-10 09:00:00,m,5.25,No Flood
2024-07-14 08:00:00,m,8.18,No Flood
2024-07-14 09:00:00,m,8.2,No Flood
2024-07-15 08:00:00,m,7.08,No Flood
2024-07-15 09:00:00,m,6.94,No Flood
2024-07-22 08:00:00,m,4.64,No Flood
2024-07-22 09:00:00,m,4.63,No Flood
2024-07-30 08:00:00,m,7.2,No Flood
2024-07-30 09:00:00,m,7.2,No Flood
2024-08-17 08:00:00,m,8.61,No Flood
2024-08-17 09:00:00,m,8.72,No Flood
2024-08-17 11:00:00,m,8.9,No Flood
2024-08-17 12:00:00,m,8.95,No Flood
2024-08-17 14:00:00,m,9.07,No Flood
2024-08-17 15:00:00,m,9.13,No Flood
2024-08-17 17:00:00,m,9.26,No Flood
2024-08-17 18:00:00,m,9.33,No Flood
2024-08-18 02:00:00,m,9.6,No Flood
2024-08-18 03:00:00,m,9.62,No Flood
2024-08-18 05:00:00,m,9.66,No Flood
2024-08-18 06:00:00,m,9.66,No Flood
2024-08-18 08:00:00,m,9.67,No Flood
2024-08-18 09:00:00,m,9.68,No Flood
2024-08-18 11:00:00,m,9.68,No Flood
2024-08-18 12:00:00,m,9.69,No Flood
2024-08-18 14:00:00,m,9.68,No Flood
2024-08-18 15:00:00,m,9.67,No Flood
2024-08-18 20:00:00,m,9.58,No Flood
2024-08-18 21:00:00,m,9.57,No Flood
2024-08-19 05:00:00,m,9.43,No Flood
2024-08-19 06:00:00,m,9.39,No Flood
2024-08-19 08:00:00,m,9.35,No Flood
2024-08-19 09:00:00,m,9.3,No Flood
2024-08-19 11:00:00,m,9.25,No Flood
2024-08-19 12:00:00,m,9.2,No Flood
2024-08-19 14:00:00,m,9.11,No Flood
2024-08-19 15:00:00,m,9.07,No Flood
2024-08-19 17:00:00,m,8.99,No Flood
2024-08-19 18:00:00,m,8.97,No Flood
2024-08-20 02:00:00,m,8.78,No Flood
2024-08-20 03:00:00,m,8.75,No Flood
2024-08-20 05:00:00,m,8.68,No Flood
2024-08-20 06:00:00,m,8.64,No Flood
2024-08-20 08:00:00,m,8.56,No Flood
2024-08-20 09:00:00,m,8.5,No Flood
2024-08-20 11:00:00,m,8.4,No Flood
2024-08-20 12:00:00,m,8.36,No Flood
2024-08-20 14:00:00,m,8.3,No Flood
2024-08-20 15:00:00,m,8.25,No Flood
2024-08-20 20:00:00,m,8.05,No Flood
2024-08-20 21:00:00,m,8.0,No Flood
2024-08-20 23:00:00,m,7.96,No Flood
2024-08-21 00:00:00,m,7.96,No Flood
2024-08-21 02:00:00,m,7.95,No Flood
2024-08-21 03:00:00,m,7.95,No Flood
2024-08-21 05:00:00,m,7.94,No Flood
2024-08-21 06:00:00,m,8.1,No Flood
2024-08-21 08:00:00,m,8.2,No Flood
2024-08-21 09:00:00,m,8.24,No Flood
2024-08-21 11:00:00,m,8.33,No Flood
2024-08-21 12:00:00,m,8.37,No Flood
2024-08-21 14:00:00,m,8.49,No Flood
2024-08-21 15:00:00,m,8.52,No Flood
2024-08-21 20:00:00,m,8.7,No Flood
2024-08-21 21:00:00,m,8.72,No Flood
2024-08-22 02:00:00,m,8.79,No Flood
2024-08-22 03:00:00,m,8.79,No Flood
2024-08-22 05:00:00,m,8.8,No Flood
2024-08-22 06:00:00,m,8.81,No Flood
2024-08-22 08:00:00,m,8.83,No Flood
2024-08-22 09:00:00,m,8.81,No Flood
2024-08-22 11:00:00,m,8.79,No Flood
2024-08-22 12:00:00,m,8.77,No Flood
2024-08-22 14:00:00,m,8.71,No Flood
2024-08-22 15:00:00,m,8.68,No Flood
2024-08-22 20:00:00,m,8.51,No Flood
2024-08-22 21:00:00,m,8.47,No Flood
2024-08-23 05:00:00,m,8.67,No Flood
2024-08-23 06:00:00,m,8.74,No Flood
2024-08-23 08:00:00,m,8.51,No Flood
2024-08-23 09:00:00,m,8.4,No Flood
2024-08-23 14:00:00,m,7.5,No Flood
2024-08-23 15:00:00,m,7.41,No Flood
2024-08-24 08:00:00,m,5.73,No Flood
2024-08-24 09:00:00,m,5.73,No Flood
2024-08-31 08:00:00,m,5.2,No Flood
2024-08-31 09:00:00,m,5.23,No Flood
2024-09-02 08:00:00,m,6.6,No Flood
2024-09-02 09:00:00,m,6.62,No Flood
2024-09-03 08:00:00,m,7.65,No Flood
2024-09-03 09:00:00,m,7.71,No Flood
2024-09-03 11:00:00,m,7.8,No Flood
2024-09-03 12:00:00,m,7.87,No Flood
2024-09-03 14:00:00,m,7.97,No Flood
2024-09-03 15:00:00,m,8.0,No Flood
2024-09-03 17:00:00,m,8.08,No Flood
2024-09-03 18:00:00,m,8.11,No Flood
2024-09-04 08:00:00,m,8.15,No Flood
2024-09-04 09:00:00,m,8.1,No Flood
2024-09-05 08:00:00,m,7.25,No Flood
2024-09-05 09:00:00,m,7.23,No Flood
2024-09-27 08:00:00,m,4.8,No Flood
2024-09-27 09:00:00,m,4.88,No Flood
2024-09-28 08:00:00,m,6.96,No Flood
2024-09-28 09:00:00,m,6.87,No Flood
2024-09-29 08:00:00,m,5.31,No Flood
2024-09-29 09:00:00,m,5.3,No Flood
2024-10-08 08:00:00,m,6.5,No Flood
2024-10-08 09:00:00,m,6.66,No Flood
2024-10-11 08:00:00,m,7.87,No Flood
2024-10-11 09:00:00,m,8.25,No Flood
2024-10-11 11:00:00,m,8.82,No Flood
2024-10-11 12:00:00,m,8.98,No Flood
2024-10-11 14:00:00,m,9.2,No Flood
2024-10-11 15:00:00,m,9.25,No Flood
2024-10-11 17:00:00,m,9.39,No Flood
2024-10-11 18:00:00,m,9.43,No Flood
2024-10-11 20:00:00,m,9.5,No Flood
2024-10-11 21:00:00,m,9.55,No Flood
2024-10-11 23:00:00,m,9.66,No Flood
2024-10-12 00:00:00,m,9.71,No Flood
2024-10-12 02:00:00,m,9.78,No Flood
2024-10-12 03:00:00,m,9.82,No Flood
2024-10-12 05:00:00,m,9.95,No Flood
2024-10-12 06:00:00,m,9.98,No Flood
2024-10-12 08:00:00,m,10.03,Alert Level
2024-10-12 09:00:00,m,10.05,Alert Level
2024-10-12 11:00:00,m,10.1,Alert Level
2024-10-12 12:00:00,m,10.1,Alert Level
2024-10-12 14:00:00,m,10.1,Alert Level
2024-10-12 15:00:00,m,10.09,Alert Level
2024-10-12 17:00:00,m,10.09,Alert Level
2024-10-12 18:00:00,m,10.09,Alert Level
2024-10-12 20:00:00,m,10.1,Alert Level
2024-10-12 21:00:00,m,10.12,Alert Level
2024-10-12 23:00:00,m,10.14,Alert Level
2024-10-13 00:00:00,m,10.1,Alert Level
2024-10-13 02:00:00,m,9.98,No Flood
2024-10-13 03:00:00,m,9.98,No Flood
2024-10-13 05:00:00,m,9.94,No Flood
2024-10-13 06:00:00,m,9.94,No Flood
2024-10-13 08:00:00,m,9.84,No Flood
2024-10-13 09:00:00,m,9.82,No Flood
2024-10-13 11:00:00,m,9.75,No Flood
2024-10-13 12:00:00,m,9.72,No Flood
2024-10-13 14:00:00,m,9.82,No Flood
2024-10-13 15:00:00,m,9.79,No Flood
2024-10-13 17:00:00,m,9.72,No Flood
2024-10-13 18:00:00,m,9.64,No Flood
2024-10-13 20:00:00,m,9.59,No Flood
2024-10-13 21:00:00,m,9.59,No Flood
2024-10-13 23:00:00,m,9.52,No Flood
2024-10-14 00:00:00,m,9.46,No Flood
2024-10-14 02:00:00,m,9.37,No Flood
2024-10-14 03:00:00,m,9.29,No Flood
2024-10-14 05:00:00,m,9.25,No Flood
2024-10-14 06:00:00,m,9.2,No Flood
2024-10-14 08:00:00,m,9.04,No Flood
2024-10-14 09:00:00,m,9.0,No Flood
2024-10-14 11:00:00,m,8.95,No Flood
2024-10-14 12:00:00,m,8.87,No Flood
2024-10-14 14:00:00,m,8.78,No Flood
2024-10-14 15:00:00,m,8.74,No Flood
2024-10-14 17:00:00,m,8.74,No Flood
2024-10-14 18:00:00,m,8.75,No Flood
2024-10-14 20:00:00,m,8.67,No Flood
2024-10-14 21:00:00,m,8.62,No Flood
2024-10-14 23:00:00,m,8.58,No Flood
2024-10-15 00:00:00,m,8.57,No Flood
2024-10-15 02:00:00,m,8.52,No Flood
2024-10-15 03:00:00,m,8.47,No Flood
2024-10-15 05:00:00,m,8.44,No Flood
2024-10-15 06:00:00,m,8.41,No Flood
2024-10-15 08:00:00,m,8.41,No Flood
2024-10-15 09:00:00,m,8.4,No Flood
2024-10-15 11:00:00,m,8.35,No Flood
2024-10-15 12:00:00,m,8.33,No Flood
2024-10-15 14:00:00,m,8.26,No Flood
2024-10-15 15:00:00,m,8.21,No Flood
2024-10-15 17:00:00,m,8.09,No Flood
2024-10-15 18:00:00,m,8.02,No Flood
2024-10-16 08:00:00,m,6.97,No Flood
2024-10-16 09:00:00,m,6.94,No Flood
2024-10-16 11:00:00,m,6.88,No Flood
2024-10-16 12:00:00,m,6.85,No Flood
2024-10-16 14:00:00,m,6.92,No Flood
2024-10-16 15:00:00,m,6.98,No Flood
2024-10-17 08:00:00,m,6.7,No Flood
2024-10-17 09:00:00,m,6.59,No Flood
2024-10-18 08:00:00,m,5.57,No Flood
2024-10-18 09:00:00,m,5.56,No Flood
2024-10-19 08:00:00,m,5.2,No Flood
2024-10-19 09:00:00,m,5.18,No Flood
2024-10-20 08:00:00,m,4.99,No Flood
2024-10-20 09:00:00,m,4.98,No Flood
2024-10-21 08:00:00,m,4.89,No Flood
2024-10-21 09:00:00,m,4.88,No Flood
2024-10-22 08:00:00,m,4.91,No Flood
2024-10-22 09:00:00,m,4.89,No Flood
2024-10-23 08:00:00,m,4.9,No Flood
2024-10-23 09:00:00,m,4.89,No Flood
2024-10-24 08:00:00,m,5.92,No Flood
2024-10-24 09:00:00,m,5.93,No Flood
2024-10-24 11:00:00,m,5.95,No Flood
2024-10-24 12:00:00,m,5.96,No Flood
2024-10-24 14:00:00,m,5.95,No Flood
2024-10-24 15:00:00,m,5.93,No Flood
2024-10-24 17:00:00,m,5.83,No Flood
2024-10-24 18:00:00,m,5.78,No Flood
2024-10-24 20:00:00,m,5.68,No Flood
2024-10-24 21:00:00,m,5.65,No Flood
2024-10-25 02:00:00,m,5.47,No Flood
2024-10-25 03:00:00,m,5.42,No Flood
2024-10-25 05:00:00,m,5.35,No Flood
2024-10-25 06:00:00,m,5.3,No Flood
2024-10-25 08:00:00,m,5.29,No Flood
2024-10-25 09:00:00,m,5.29,No Flood
2024-10-27 08:00:00,m,6.25,No Flood
2024-10-27 09:00:00,m,6.21,No Flood
2024-10-28 08:00:00,m,5.73,No Flood
2024-10-28 09:00:00,m,5.75,No Flood
2024-10-29 08:00:00,m,5.86,No Flood
2024-10-29 09:00:00,m,5.86,No Flood
2024-10-30 08:00:00,m,5.39,No Flood
2024-10-30 09:00:00,m,5.36,No Flood
2024-10-31 08:00:00,m,4.94,No Flood
2024-10-31 09:00:00,m,4.93,No Flood
2024-11-01 08:00:00,m,7.05,No Flood
2024-11-01 09:00:00,m,7.1,No Flood
2024-11-03 08:00:00,m,8.31,No Flood
2024-11-03 09:00:00,m,8.32,No Flood
2024-11-04 08:00:00,m,7.79,No Flood
2024-11-04 09:00:00,m,7.77,No Flood
2024-11-05 08:00:00,m,7.44,No Flood
2024-11-05 09:00:00,m,7.44,No Flood
2024-11-06 08:00:00,m,7.07,No Flood
2024-11-06 09:00:00,m,7.04,No Flood
2024-11-07 08:00:00,m,5.66,No Flood
2024-11-07 09:00:00,m,5.64,No Flood
2024-11-08 08:00:00,m,5.2,No Flood
2024-11-08 09:00:00,m,5.18,No Flood
2024-11-09 08:00:00,m,5.53,No Flood
2024-11-09 09:00:00,m,5.53,No Flood
2024-11-10 08:00:00,m,4.99,No Flood
2024-11-10 09:00:00,m,4.99,No Flood
2024-11-12 08:00:00,m,5.34,No Flood
2024-11-12 09:00:00,m,5.49,No Flood
2024-11-13 08:00:00,m,6.93,No Flood
2024-11-13 09:00:00,m,6.98,No Flood
2024-11-13 14:00:00,m,7.26,No Flood
2024-11-13 15:00:00,m,7.29,No Flood
2024-11-13 20:00:00,m,7.32,No Flood
2024-11-13 21:00:00,m,7.32,No Flood
2024-11-13 23:00:00,m,7.34,No Flood
2024-11-14 00:00:00,m,7.36,No Flood
2024-11-14 02:00:00,m,7.33,No Flood
2024-11-14 03:00:00,m,7.3,No Flood
2024-11-14 08:00:00,m,6.91,No Flood
2024-11-14 09:00:00,m,6.91,No Flood
2024-11-14 11:00:00,m,6.85,No Flood
2024-11-14 12:00:00,m,6.8,No Flood
2024-11-14 14:00:00,m,6.6,No Flood
2024-11-14 15:00:00,m,6.55,No Flood
2024-11-14 17:00:00,m,6.4,No Flood
2024-11-14 18:00:00,m,6.3,No Flood
2024-11-14 20:00:00,m,5.81,No Flood
2024-11-14 21:00:00,m,5.77,No Flood
2024-11-14 23:00:00,m,5.72,No Flood
2024-11-15 00:00:00,m,5.75,No Flood
2024-11-15 05:00:00,m,6.08,No Flood
2024-11-15 06:00:00,m,6.15,No Flood
2024-11-15 08:00:00,m,6.18,No Flood
2024-11-15 09:00:00,m,6.16,No Flood
2024-11-15 11:00:00,m,6.15,No Flood
2024-11-15 12:00:00,m,6.13,No Flood
2024-11-15 14:00:00,m,6.09,No Flood
2024-11-15 15:00:00,m,6.03,No Flood
2024-11-16 08:00:00,m,6.98,No Flood
2024-11-16 09:00:00,m,7.0,No Flood
2024-11-17 08:00:00,m,6.13,No Flood
2024-11-17 09:00:00,m,6.1,No Flood
2024-11-18 08:00:00,m,5.3,No Flood
2024-11-18 09:00:00,m,5.3,No Flood
2024-11-19 08:00:00,m,6.54,No Flood
2024-11-19 09:00:00,m,6.63,No Flood
2024-11-20 08:00:00,m,7.66,No Flood
2024-11-20 09:00:00,m,7.67,No Flood
2024-11-21 08:00:00,m,7.86,No Flood
2024-11-21 09:00:00,m,7.85,No Flood
2024-11-22 08:00:00,m,6.44,No Flood
2024-11-22 09:00:00,m,6.42,No Flood
2024-11-23 08:00:00,m,7.35,No Flood
2024-11-23 09:00:00,m,7.35,No Flood
2024-11-24 08:00:00,m,6.58,No Flood
2024-11-24 09:00:00,m,6.55,No Flood
2024-11-24 17:00:00,m,6.22,No Flood
2024-11-24 18:00:00,m,6.2,No Flood
2024-11-24 23:00:00,m,7.2,No Flood
2024-11-25 00:00:00,m,7.2,No Flood
2024-11-25 05:00:00,m,6.99,No Flood
2024-11-25 06:00:00,m,6.97,No Flood
2024-11-25 17:00:00,m,6.32,No Flood
2024-11-25 18:00:00,m,6.3,No Flood
2024-11-26 05:00:00,m,6.27,No Flood
2024-11-26 06:00:00,m,6.33,No Flood
2024-11-26 20:00:00,m,6.96,No Flood
2024-11-26 21:00:00,m,7.0,No Flood
2024-11-27 02:00:00,m,7.4,No Flood
2024-11-27 03:00:00,m,7.46,No Flood
2024-11-27 05:00:00,m,7.61,No Flood
2024-11-27 06:00:00,m,7.7,No Flood
2024-11-27 08:00:00,m,7.8,No Flood
2024-11-27 09:00:00,m,7.86,No Flood
2024-11-27 11:00:00,m,7.9,No Flood
2024-11-27 12:00:00,m,7.95,No Flood
2024-11-27 14:00:00,m,8.0,No Flood
2024-11-27 15:00:00,m,8.05,No Flood
2024-11-27 17:00:00,m,8.1,No Flood
2024-11-27 18:00:00,m,8.11,No Flood
2024-11-27 20:00:00,m,8.1,No Flood
2024-11-27 21:00:00,m,8.11,No Flood
2024-11-28 02:00:00,m,8.1,No Flood
2024-11-28 03:00:00,m,8.09,No Flood
2024-11-28 05:00:00,m,8.06,No Flood
2024-11-28 06:00:00,m,7.98,No Flood
2024-11-28 08:00:00,m,7.9,No Flood
2024-11-28 09:00:00,m,7.87,No Flood
2024-11-28 11:00:00,m,7.77,No Flood
2024-11-28 12:00:00,m,7.73,No Flood
2024-11-28 14:00:00,m,7.59,No Flood
2024-11-28 15:00:00,m,7.53,No Flood
2024-11-28 17:00:00,m,7.35,No Flood
2024-11-28 18:00:00,m,7.29,No Flood
2024-11-28 23:00:00,m,6.8,No Flood
2024-11-29 00:00:00,m,6.71,No Flood
2024-11-29 02:00:00,m,6.55,No Flood
2024-11-29 03:00:00,m,6.48,No Flood
2024-11-29 05:00:00,m,6.32,No Flood
2024-11-29 06:00:00,m,6.25,No Flood
2024-11-29 08:00:00,m,6.14,No Flood
2024-11-29 09:00:00,m,6.08,No Flood
2024-11-29 11:00:00,m,6.03,No Flood
2024-11-29 12:00:00,m,5.99,No Flood
2024-11-29 14:00:00,m,5.94,No Flood
2024-11-29 15:00:00,m,5.9,No Flood
2024-11-29 17:00:00,m,5.85,No Flood
2024-11-29 18:00:00,m,5.83,No Flood
2024-11-29 20:00:00,m,5.81,No Flood
2024-11-29 21:00:00,m,5.77,No Flood
2024-11-29 23:00:00,m,5.75,No Flood
2024-11-30 00:00:00,m,5.71,No Flood
2024-11-30 02:00:00,m,5.69,No Flood
2024-11-30 03:00:00,m,5.69,No Flood
2024-11-30 08:00:00,m,5.7,No Flood
2024-11-30 09:00:00,m,5.76,No Flood
2024-11-30 11:00:00,m,5.96,No Flood
2024-11-30 12:00:00,m,6.05,No Flood
2024-11-30 14:00:00,m,6.26,No Flood
2024-11-30 15:00:00,m,6.38,No Flood
2024-11-30 17:00:00,m,6.58,No Flood
2024-11-30 18:00:00,m,6.67,No Flood
2024-11-30 20:00:00,m,6.87,No Flood
2024-11-30 21:00:00,m,6.94,No Flood
2024-12-01 05:00:00,m,6.95,No Flood
2024-12-01 06:00:00,m,6.86,No Flood
2024-12-01 08:00:00,m,6.68,No Flood
2024-12-01 09:00:00,m,6.6,No Flood
2024-12-01 17:00:00,m,6.08,No Flood
2024-12-01 18:00:00,m,6.01,No Flood
2024-12-02 08:00:00,m,5.5,No Flood
2024-12-02 09:00:00,m,5.47,No Flood
2024-12-03 08:00:00,m,5.17,No Flood
2024-12-03 09:00:00,m,5.16,No Flood
2024-12-03 23:00:00,m,5.05,No Flood
2024-12-04 00:00:00,m,5.02,No Flood
2024-12-04 23:00:00,m,4.94,No Flood
2024-12-05 00:00:00,m,4.93,No Flood
2024-12-05 05:00:00,m,4.9,No Flood
2024-12-05 06:00:00,m,4.93,No Flood
2024-12-05 08:00:00,m,4.96,No Flood
2024-12-05 09:00:00,m,5.02,No Flood
2024-12-08 08:00:00,m,4.7,No Flood
2024-12-08 09:00:00,m,4.7,No Flood
2024-12-09 08:00:00,m,4.83,No Flood
2024-12-09 09:00:00,m,4.82,No Flood
2024-12-09 17:00:00,m,4.8,No Flood
2024-12-09 18:00:00,m,4.79,No Flood
2024-12-09 23:00:00,m,4.68,No Flood
2024-12-10 00:00:00,m,4.66,No Flood
2024-12-10 05:00:00,m,4.64,No Flood
2024-12-10 06:00:00,m,4.6,No Flood
2024-12-10 08:00:00,m,4.6,No Flood
2024-12-10 09:00:00,m,4.62,No Flood
2024-12-10 17:00:00,m,4.63,No Flood
2024-12-10 18:00:00,m,4.63,No Flood
2024-12-11 08:00:00,m,4.51,No Flood
2024-12-11 09:00:00,m,4.5,No Flood
2024-12-11 17:00:00,m,4.47,No Flood
2024-12-11 18:00:00,m,4.47,No Flood
2024-12-12 08:00:00,m,4.42,No Flood
2024-12-12 09:00:00,m,4.41,No Flood
2024-12-13 05:00:00,m,4.42,No Flood
2024-12-13 06:00:00,m,4.41,No Flood
2024-12-13 08:00:00,m,4.38,No Flood
2024-12-13 09:00:00,m,4.38,No Flood
2024-12-13 17:00:00,m,4.44,No Flood
2024-12-13 18:00:00,m,4.45,No Flood
2024-12-14 05:00:00,m,4.57,No Flood
2024-12-14 06:00:00,m,4.7,No Flood
2024-12-14 08:00:00,m,4.98,No Flood
2024-12-14 09:00:00,m,5.04,No Flood
2024-12-15 05:00:00,m,7.35,No Flood
2024-12-15 06:00:00,m,7.44,No Flood
2024-12-15 08:00:00,m,7.55,No Flood
2024-12-15 09:00:00,m,7.59,No Flood
2024-12-15 17:00:00,m,7.5,No Flood
2024-12-15 18:00:00,m,7.5,No Flood
2024-12-15 23:00:00,m,7.17,No Flood
2024-12-16 00:00:00,m,7.08,No Flood
2024-12-16 05:00:00,m,6.43,No Flood
2024-12-16 06:00:00,m,6.3,No Flood
2024-12-16 08:00:00,m,6.06,No Flood
2024-12-16 09:00:00,m,5.95,No Flood
2024-12-16 17:00:00,m,5.34,No Flood
2024-12-16 18:00:00,m,5.3,No Flood
2024-12-17 05:00:00,m,5.08,No Flood
2024-12-17 06:00:00,m,5.06,No Flood
2024-12-17 08:00:00,m,5.2,No Flood
2024-12-17 09:00:00,m,5.23,No Flood
2024-12-17 17:00:00,m,5.31,No Flood
2024-12-17 18:00:00,m,5.29,No Flood
2024-12-18 05:00:00,m,4.9,No Flood
2024-12-18 06:00:00,m,4.89,No Flood
2024-12-18 08:00:00,m,4.88,No Flood
2024-12-18 09:00:00,m,4.87,No Flood
2024-12-22 05:00:00,m,4.5,No Flood
2024-12-22 06:00:00,m,4.55,No Flood
2024-12-22 08:00:00,m,6.42,No Flood
2024-12-22 09:00:00,m,6.45,No Flood
2024-12-22 17:00:00,m,6.1,No Flood
2024-12-22 18:00:00,m,6.08,No Flood
2024-12-22 23:00:00,m,5.68,No Flood
2024-12-23 00:00:00,m,5.58,No Flood
2024-12-23 05:00:00,m,5.2,No Flood
2024-12-23 06:00:00,m,5.1,No Flood
2024-12-23 08:00:00,m,5.05,No Flood
2024-12-23 09:00:00,m,5.05,No Flood
2024-12-24 08:00:00,m,4.66,No Flood
2024-12-24 09:00:00,m,4.65,No Flood
2024-12-25 08:00:00,m,4.51,No Flood
2024-12-25 09:00:00,m,4.5,No Flood
2024-12-26 08:00:00,m,4.39,No Flood
2024-12-26 09:00:00,m,4.38,No Flood
2024-12-31 05:00:00,m,4.19,No Flood
2024-12-31 06:00:00,m,4.21,No Flood
2024-12-31 08:00:00,m,4.25,No Flood
2024-12-31 09:00:00,m,4.26,No Flood
2025-01-02 08:00:00,m,4.4,No Flood
2025-01-02 09:00:00,m,4.4,No Flood
2025-01-04 08:00:00,m,4.35,No Flood
2025-01-04 09:00:00,m,4.39,No Flood
2025-01-08 08:00:00,m,4.2,No Flood
2025-01-08 09:00:00,m,4.19,No Flood
2025-01-12 08:00:00,m,4.17,No Flood
2025-01-12 09:00:00,m,4.15,No Flood
2025-01-13 08:00:00,m,4.3,No Flood
2025-01-13 09:00:00,m,4.3,No Flood
2025-01-14 08:00:00,m,4.21,No Flood
2025-01-14 09:00:00,m,4.2,No Flood
2025-01-15 08:00:00,m,4.15,No Flood
2025-01-15 09:00:00,m,4.15,No Flood
2025-01-15 14:00:00,m,4.16,No Flood
2025-01-15 15:00:00,m,4.16,No Flood
2025-01-15 17:00:00,m,4.15,No Flood
2025-01-15 18:00:00,m,4.16,No Flood
2025-01-15 23:00:00,m,4.16,No Flood
2025-01-16 00:00:00,m,4.16,No Flood
2025-01-16 05:00:00,m,4.13,No Flood
2025-01-16 06:00:00,m,4.13,No Flood
2025-01-16 08:00:00,m,4.14,No Flood
2025-01-16 09:00:00,m,4.14,No Flood
2025-01-16 11:00:00,m,4.11,No Flood
2025-01-16 12:00:00,m,4.11,No Flood
2025-01-16 14:00:00,m,4.1,No Flood
2025-01-16 15:00:00,m,4.1,No Flood
2025-01-17 08:00:00,m,4.36,No Flood
2025-01-17 09:00:00,m,4.36,No Flood
2025-01-18 08:00:00,m,4.13,No Flood
2025-01-18 09:00:00,m,4.13,No Flood
2025-01-18 23:00:00,m,4.12,No Flood
2025-01-19 00:00:00,m,4.11,No Flood
2025-01-19 02:00:00,m,4.11,No Flood
2025-01-19 03:00:00,m,4.12,No Flood
2025-01-19 05:00:00,m,4.16,No Flood
2025-01-19 06:00:00,m,4.18,No Flood
2025-01-19 08:00:00,m,4.22,No Flood
2025-01-19 09:00:00,m,4.24,No Flood
2025-01-19 11:00:00,m,4.59,No Flood
2025-01-19 12:00:00,m,4.63,No Flood
2025-01-19 14:00:00,m,4.68,No Flood
2025-01-19 15:00:00,m,4.68,No Flood
2025-01-19 17:00:00,m,4.69,No Flood
2025-01-19 18:00:00,m,4.67,No Flood
2025-01-19 20:00:00,m,4.63,No Flood
2025-01-19 21:00:00,m,4.62,No Flood
2025-01-19 23:00:00,m,4.58,No Flood
2025-01-20 00:00:00,m,4.56,No Flood
2025-01-20 02:00:00,m,4.55,No Flood
2025-01-20 03:00:00,m,4.55,No Flood
2025-01-20 05:00:00,m,4.52,No Flood
2025-01-20 06:00:00,m,4.5,No Flood
2025-01-20 08:00:00,m,4.48,No Flood
2025-01-20 09:00:00,m,4.47,No Flood
2025-01-20 11:00:00,m,4.45,No Flood
2025-01-20 12:00:00,m,4.45,No Flood
2025-01-20 14:00:00,m,4.42,No Flood
2025-01-20 15:00:00,m,4.41,No Flood
2025-01-20 17:00:00,m,4.38,No Flood
2025-01-20 18:00:00,m,4.37,No Flood
2025-01-20 20:00:00,m,4.35,No Flood
2025-01-20 21:00:00,m,4.33,No Flood
2025-01-20 23:00:00,m,4.32,No Flood
2025-01-21 00:00:00,m,4.31,No Flood
2025-01-21 02:00:00,m,4.31,No Flood
2025-01-21 03:00:00,m,4.35,No Flood
2025-01-21 05:00:00,m,4.37,No Flood
2025-01-21 06:00:00,m,4.38,No Flood
2025-01-21 08:00:00,m,4.35,No Flood
2025-01-21 09:00:00,m,4.38,No Flood
2025-01-21 11:00:00,m,4.36,No Flood
2025-01-21 12:00:00,m,4.36,No Flood
2025-01-21 17:00:00,m,4.29,No Flood
2025-01-21 18:00:00,m,4.28,No Flood
2025-01-21 20:00:00,m,4.26,No Flood
2025-01-21 21:00:00,m,4.25,No Flood
2025-01-21 23:00:00,m,4.24,No Flood
2025-01-22 00:00:00,m,4.24,No Flood
2025-01-22 02:00:00,m,4.22,No Flood
2025-01-22 03:00:00,m,4.22,No Flood
2025-01-22 05:00:00,m,4.22,No Flood
2025-01-22 06:00:00,m,4.21,No Flood
2025-01-22 08:00:00,m,4.19,No Flood
2025-01-22 09:00:00,m,4.17,No Flood
2025-01-22 11:00:00,m,4.16,No Flood
2025-01-22 12:00:00,m,4.15,No Flood
2025-01-22 14:00:00,m,4.15,No Flood
2025-01-22 15:00:00,m,4.14,No Flood
2025-01-22 17:00:00,m,4.14,No Flood
2025-01-22 18:00:00,m,4.14,No Flood
2025-01-22 20:00:00,m,4.13,No Flood
2025-01-22 21:00:00,m,4.13,No Flood
2025-01-22 23:00:00,m,4.12,No Flood
2025-01-23 00:00:00,m,4.12,No Flood
2025-01-23 02:00:00,m,4.12,No Flood
2025-01-23 03:00:00,m,4.11,No Flood
2025-01-23 05:00:00,m,4.11,No Flood
2025-01-23 06:00:00,m,4.11,No Flood
2025-01-23 08:00:00,m,4.13,No Flood
2025-01-23 09:00:00,m,4.13,No Flood
2025-01-23 11:00:00,m,4.14,No Flood
2025-01-23 12:00:00,m,4.13,No Flood
2025-01-23 14:00:00,m,4.12,No Flood
2025-01-23 15:00:00,m,4.12,No Flood
2025-01-23 20:00:00,m,4.15,No Flood
2025-01-23 21:00:00,m,4.18,No Flood
2025-01-23 23:00:00,m,4.2,No Flood
2025-01-24 00:00:00,m,4.2,No Flood
2025-01-24 02:00:00,m,4.23,No Flood
2025-01-24 03:00:00,m,4.25,No Flood
2025-01-24 05:00:00,m,4.3,No Flood
2025-01-24 06:00:00,m,4.34,No Flood
2025-01-24 08:00:00,m,4.36,No Flood
2025-01-24 09:00:00,m,4.37,No Flood
2025-01-24 11:00:00,m,4.37,No Flood
2025-01-24 12:00:00,m,4.36,No Flood
2025-01-24 14:00:00,m,4.35,No Flood
2025-01-24 15:00:00,m,4.35,No Flood
2025-01-26 08:00:00,m,4.47,No Flood
2025-01-26 09:00:00,m,4.47,No Flood
2025-01-27 08:00:00,m,4.3,No Flood
2025-01-27 09:00:00,m,4.29,No Flood
2025-01-29 08:00:00,m,4.14,No Flood
2025-01-29 09:00:00,m,4.14,No Flood
2025-01-30 08:00:00,m,4.15,No Flood
2025-01-30 09:00:00,m,4.14,No Flood
2025-01-31 08:00:00,m,4.65,No Flood
2025-01-31 09:00:00,m,4.62,No Flood
2025-02-01 08:00:00,m,4.33,No Flood
2025-02-01 09:00:00,m,4.33,No Flood
2025-02-02 08:00:00,m,4.25,No Flood
2025-02-02 09:00:00,m,4.23,No Flood
2025-02-03 08:00:00,m,4.12,No Flood
2025-02-03 09:00:00,m,4.12,No Flood
2025-02-07 08:00:00,m,3.94,No Flood
2025-02-07 09:00:00,m,3.94,No Flood
2025-02-08 08:00:00,m,3.89,No Flood
2025-02-08 09:00:00,m,3.89,No Flood
2025-02-14 08:00:00,m,3.8,No Flood
2025-02-14 09:00:00,m,3.8,No Flood
2025-03-02 08:00:00,m,5.93,No Flood
2025-03-02 09:00:00,m,5.96,No Flood
2025-03-03 08:00:00,m,6.96,No Flood
2025-03-03 09:00:00,m,6.9,No Flood
2025-03-04 08:00:00,m,4.85,No Flood
2025-03-04 09:00:00,m,4.8,No Flood
2025-03-05 08:00:00,m,4.38,No Flood
2025-03-05 09:00:00,m,4.35,No Flood
2025-03-23 08:00:00,m,4.95,No Flood
2025-03-23 09:00:00,m,4.94,No Flood
2025-03-24 08:00:00,m,4.62,No Flood
2025-03-24 09:00:00,m,4.61,No Flood
2025-03-25 08:00:00,m,4.78,No Flood
2025-03-25 09:00:00,m,4.84,No Flood
