recorded_at,unit,water_level
2021-03-27 08:00:00,m,2.25
2021-03-27 09:00:00,m,2.25
2021-04-23 08:00:00,m,2.7
2021-04-23 09:00:00,m,2.71
2021-04-30 08:00:00,m,4.11
2021-04-30 09:00:00,m,4.12
2021-05-02 08:00:00,m,5.1
2021-05-02 09:00:00,m,5.03
2021-05-04 08:00:00,m,6.56
2021-05-04 09:00:00,m,6.48
2021-05-05 08:00:00,m,6.17
2021-05-05 09:00:00,m,6.13
2021-05-06 08:00:00,m,5.56
2021-05-06 09:00:00,m,5.53
2021-05-07 08:00:00,m,5.53
2021-05-07 09:00:00,m,5.48
2021-05-08 08:00:00,m,5.5
2021-05-08 09:00:00,m,5.47
2021-05-09 08:00:00,m,6.39
2021-05-09 09:00:00,m,6.38
2021-05-10 08:00:00,m,5.76
2021-05-10 09:00:00,m,5.75
2021-05-12 08:00:00,m,5.14
2021-05-12 09:00:00,m,5.16
2021-05-14 05:00:00,m,7.2
2021-05-14 06:00:00,m,7.24
2021-05-14 08:00:00,m,7.21
2021-05-14 09:00:00,m,7.21
2021-05-14 14:00:00,m,7.0
2021-05-14 15:00:00,m,6.99
2021-05-14 17:00:00,m,6.91
2021-05-14 18:00:00,m,6.88
2021-05-14 20:00:00,m,6.79
2021-05-14 21:00:00,m,6.76
2021-05-15 02:00:00,m,6.58
2021-05-15 03:00:00,m,6.53
2021-05-15 05:00:00,m,6.49
2021-05-15 06:00:00,m,6.47
2021-05-15 08:00:00,m,6.42
2021-05-15 09:00:00,m,6.4
2021-05-15 11:00:00,m,6.38
2021-05-15 12:00:00,m,6.37
2021-05-15 17:00:00,m,6.24
2021-05-15 18:00:00,m,6.23
2021-05-15 20:00:00,m,6.18
2021-05-15 21:00:00,m,6.16
2021-05-15 23:00:00,m,6.09
2021-05-16 00:00:00,m,6.05
2021-05-16 02:00:00,m,5.98
2021-05-16 03:00:00,m,5.95
2021-05-16 06:00:00,m,5.87
2021-05-16 08:00:00,m,5.81
2021-05-16 09:00:00,m,5.77
2021-05-16 17:00:00,m,5.51
2021-05-16 18:00:00,m,5.48
2021-05-17 02:00:00,m,5.21
2021-05-17 03:00:00,m,5.16
2021-05-17 05:00:00,m,5.1
2021-05-17 06:00:00,m,5.07
2021-05-17 08:00:00,m,5.0
2021-05-17 09:00:00,m,4.97
2021-05-18 08:00:00,m,4.29
2021-05-18 09:00:00,m,4.27
2021-05-24 08:00:00,m,4.75
2021-05-24 09:00:00,m,4.74
2021-05-24 14:00:00,m,4.66
2021-05-24 15:00:00,m,4.66
2021-05-24 17:00:00,m,4.65
2021-05-24 18:00:00,m,4.7
2021-05-24 20:00:00,m,4.82
2021-05-24 21:00:00,m,4.96
2021-05-24 23:00:00,m,5.14
2021-05-25 00:00:00,m,5.2
2021-05-25 02:00:00,m,5.33
2021-05-25 03:00:00,m,5.39
2021-05-25 05:00:00,m,5.49
2021-05-25 06:00:00,m,5.47
2021-05-25 08:00:00,m,5.52
2021-05-25 09:00:00,m,5.57
2021-05-25 11:00:00,m,5.67
2021-05-25 12:00:00,m,5.71
2021-05-25 20:00:00,m,5.95
2021-05-25 21:00:00,m,5.94
2021-05-25 23:00:00,m,5.9
2021-05-26 00:00:00,m,5.88
2021-05-26 05:00:00,m,5.8
2021-05-26 06:00:00,m,5.73
2021-05-26 08:00:00,m,5.59
2021-05-26 09:00:00,m,5.52
2021-05-26 11:00:00,m,5.45
2021-05-26 12:00:00,m,5.42
2021-05-26 14:00:00,m,5.35
2021-05-26 15:00:00,m,5.32
2021-05-27 08:00:00,m,5.39
2021-05-27 09:00:00,m,5.38
2021-05-28 08:00:00,m,4.89
2021-05-28 09:00:00,m,4.85
2021-05-29 08:00:00,m,4.25
2021-05-29 09:00:00,m,4.25
2021-05-30 08:00:00,m,3.99
2021-05-30 09:00:00,m,4.0
2021-05-31 08:00:00,m,3.74
2021-05-31 09:00:00,m,3.72
2021-06-03 08:00:00,m,5.06
2021-06-03 09:00:00,m,5.04
2021-06-04 08:00:00,m,5.68
2021-06-04 09:00:00,m,5.83
2021-06-04 11:00:00,m,6.0
2021-06-04 12:00:00,m,6.06
2021-06-04 14:00:00,m,6.06
2021-06-04 15:00:00,m,6.01
2021-06-04 17:00:00,m,5.9
2021-06-04 18:00:00,m,5.88
2021-06-04 20:00:00,m,5.82
2021-06-04 21:00:00,m,5.82
2021-06-04 23:00:00,m,5.62
2021-06-05 00:00:00,m,5.59
2021-06-05 05:00:00,m,5.52
2021-06-05 06:00:00,m,5.49
2021-06-05 11:00:00,m,5.47
2021-06-05 12:00:00,m,2.46
2021-06-05 14:00:00,m,5.41
2021-06-05 15:00:00,m,5.38
2021-06-05 17:00:00,m,5.3
2021-06-05 18:00:00,m,5.25
2021-06-05 20:00:00,m,5.16
2021-06-05 21:00:00,m,5.14
2021-06-05 23:00:00,m,5.1
2021-06-06 00:00:00,m,5.08
2021-06-06 05:00:00,m,4.93
2021-06-06 06:00:00,m,4.89
2021-06-06 08:00:00,m,4.79
2021-06-06 09:00:00,m,4.76
2021-06-06 11:00:00,m,4.71
2021-06-06 12:00:00,m,4.67
2021-06-06 14:00:00,m,4.6
2021-06-06 15:00:00,m,4.57
2021-06-06 20:00:00,m,4.34
2021-06-06 21:00:00,m,4.28
2021-06-06 23:00:00,m,4.19
2021-06-07 00:00:00,m,4.14
2021-06-07 02:00:00,m,4.06
2021-06-07 03:00:00,m,4.01
2021-06-07 08:00:00,m,4.09
2021-06-07 09:00:00,m,4.07
2021-06-07 11:00:00,m,4.04
2021-06-07 12:00:00,m,4.0
2021-06-07 14:00:00,m,3.96
2021-06-07 15:00:00,m,3.93
2021-06-07 17:00:00,m,3.88
2021-06-07 18:00:00,m,3.85
2021-06-07 20:00:00,m,3.8
2021-06-07 21:00:00,m,3.78
2021-06-07 23:00:00,m,3.77
2021-06-08 00:00:00,m,3.77
2021-06-08 05:00:00,m,3.48
2021-06-08 06:00:00,m,4.1
2021-06-08 08:00:00,m,4.26
2021-06-08 09:00:00,m,4.3
2021-06-08 17:00:00,m,4.67
2021-06-08 18:00:00,m,4.82
2021-06-09 02:00:00,m,5.36
2021-06-09 03:00:00,m,5.38
2021-06-09 08:00:00,m,5.33
2021-06-09 09:00:00,m,5.29
2021-06-09 11:00:00,m,5.23
2021-06-09 12:00:00,m,5.2
2021-06-09 20:00:00,m,4.95
2021-06-09 21:00:00,m,4.93
2021-06-10 02:00:00,m,4.84
2021-06-10 03:00:00,m,4.81
2021-06-10 08:00:00,m,4.61
2021-06-10 09:00:00,m,4.57
2021-06-14 08:00:00,m,3.84
2021-06-14 09:00:00,m,3.89
2021-07-02 08:00:00,m,5.85
2021-07-02 09:00:00,m,5.87
2021-07-10 03:00:00,m,5.53
2021-07-10 04:00:00,m,5.81
2021-07-10 05:00:00,m,5.96
2021-07-10 06:00:00,m,6.1
2021-07-10 08:00:00,m,6.25
2021-07-10 09:00:00,m,6.3
2021-07-11 08:00:00,m,5.57
2021-07-11 09:00:00,m,5.54
2021-07-12 08:00:00,m,4.97
2021-07-12 09:00:00,m,4.96
2021-08-09 08:00:00,m,3.82
2021-08-09 09:00:00,m,3.76
2021-08-13 08:00:00,m,2.6
2021-08-13 09:00:00,m,2.59
2021-08-26 08:00:00,m,2.9
2021-08-26 09:00:00,m,3.0
2021-08-27 08:00:00,m,3.48
2021-08-27 09:00:00,m,3.49
2021-08-28 08:00:00,m,3.0
2021-08-28 09:00:00,m,2.97
2021-09-05 08:00:00,m,5.25
2021-09-05 09:00:00,m,5.28
2021-09-22 08:00:00,m,2.78
2021-09-22 09:00:00,m,2.76
2021-09-25 08:00:00,m,2.78
2021-09-25 09:00:00,m,2.9
2021-09-27 05:00:00,m,5.17
2021-09-27 06:00:00,m,5.17
2021-09-27 08:00:00,m,5.13
2021-09-27 09:00:00,m,5.1
2021-09-28 08:00:00,m,4.03
2021-09-28 09:00:00,m,3.99
2021-10-02 08:00:00,m,3.77
2021-10-02 09:00:00,m,3.74
2021-10-06 08:00:00,m,6.35
2021-10-06 09:00:00,m,6.34
2021-10-07 08:00:00,m,5.53
2021-10-07 09:00:00,m,5.48
2021-10-08 08:00:00,m,4.61
2021-10-08 09:00:00,m,4.57
2021-10-21 08:00:00,m,3.73
2021-10-21 09:00:00,m,3.73
2021-10-27 08:00:00,m,3.61
2021-10-27 09:00:00,m,3.62
2021-11-01 08:00:00,m,5.25
2021-11-01 09:00:00,m,5.22
2021-11-02 08:00:00,m,4.57
2021-11-02 09:00:00,m,4.52
2021-11-03 08:00:00,m,4.08
2021-11-03 09:00:00,m,4.07
2021-11-04 08:00:00,m,4.17
2021-11-04 09:00:00,m,4.2
2021-11-05 08:00:00,m,4.1
2021-11-05 09:00:00,m,4.09
2021-11-07 08:00:00,m,4.74
2021-11-07 09:00:00,m,4.72
2021-11-08 11:00:00,m,5.5
2021-11-08 12:00:00,m,5.5
2021-11-08 14:00:00,m,5.55
2021-11-08 15:00:00,m,5.59
2021-11-08 17:00:00,m,5.64
2021-11-08 18:00:00,m,5.65
2021-11-08 20:00:00,m,5.68
2021-11-08 21:00:00,m,5.68
2021-11-08 23:00:00,m,5.67
2021-11-09 00:00:00,m,5.66
2021-11-09 02:00:00,m,5.63
2021-11-09 03:00:00,m,5.6
2021-11-09 08:00:00,m,5.45
2021-11-09 09:00:00,m,5.43
2021-11-09 11:00:00,m,5.38
2021-11-09 12:00:00,m,5.35
2021-11-09 17:00:00,m,5.21
2021-11-09 18:00:00,m,5.18
2021-11-09 23:00:00,m,5.04
2021-11-10 00:00:00,m,5.03
2021-11-10 05:00:00,m,4.88
2021-11-10 06:00:00,m,4.83
2021-11-10 08:00:00,m,4.75
2021-11-10 09:00:00,m,4.73
2021-11-10 11:00:00,m,4.67
2021-11-10 12:00:00,m,4.64
2021-11-10 14:00:00,m,4.58
2021-11-10 15:00:00,m,4.55
2021-11-10 17:00:00,m,4.5
2021-11-10 18:00:00,m,4.48
2021-11-11 05:00:00,m,4.16
2021-11-11 06:00:00,m,4.13
2021-11-11 08:00:00,m,4.08
2021-11-11 09:00:00,m,4.05
2021-11-11 11:00:00,m,3.99
2021-11-11 12:00:00,m,3.97
2021-11-11 14:00:00,m,3.93
2021-11-11 15:00:00,m,3.93
2021-11-12 08:00:00,m,3.82
2021-11-12 09:00:00,m,3.82
2021-11-13 08:00:00,m,3.66
2021-11-13 09:00:00,m,3.65
2021-11-14 08:00:00,m,3.24
2021-11-14 09:00:00,m,3.24
2021-11-15 08:00:00,m,3.32
2021-11-15 09:00:00,m,3.32
2021-11-16 08:00:00,m,5.11
2021-11-16 09:00:00,m,5.15
2021-11-20 08:00:00,m,3.98
2021-11-20 09:00:00,m,3.97
2021-11-25 08:00:00,m,4.44
2021-11-25 09:00:00,m,4.42
2021-11-27 08:00:00,m,3.42
2021-11-27 09:00:00,m,3.43
2021-11-28 08:00:00,m,4.25
2021-11-28 09:00:00,m,4.21
2021-11-29 08:00:00,m,3.67
2021-11-29 09:00:00,m,3.72
2021-11-30 08:00:00,m,3.5
2021-11-30 09:00:00,m,3.47
2021-12-01 08:00:00,m,4.04
2021-12-01 09:00:00,m,3.98
2021-12-02 08:00:00,m,5.17
2021-12-02 09:00:00,m,5.12
2021-12-05 08:00:00,m,4.83
2021-12-05 09:00:00,m,4.84
2021-12-07 08:00:00,m,5.46
2021-12-07 09:00:00,m,5.41
2021-12-08 08:00:00,m,5.49
2021-12-08 09:00:00,m,5.43
2021-12-19 08:00:00,m,4.43
2021-12-19 09:00:00,m,4.4
2021-12-20 08:00:00,m,5.11
2021-12-20 09:00:00,m,5.05
2022-01-10 08:00:00,m,5.63
2022-01-10 09:00:00,m,5.56
2022-01-13 08:00:00,m,3.71
2022-01-13 09:00:00,m,3.73
2022-02-13 08:00:00,m,5.24
2022-02-13 09:00:00,m,5.19
2022-04-09 08:00:00,m,3.77
2022-04-09 09:00:00,m,3.77
2022-04-10 08:00:00,m,4.22
2022-04-10 09:00:00,m,4.19
2022-04-11 08:00:00,m,3.25
2022-04-11 09:00:00,m,3.22
2022-04-16 08:00:00,m,2.64
2022-04-16 09:00:00,m,2.63
2022-04-24 08:00:00,m,2.73
2022-04-24 09:00:00,m,2.71
2022-05-05 08:00:00,m,2.97
2022-05-05 09:00:00,m,2.93
2022-05-06 08:00:00,m,3.19
2022-05-06 09:00:00,m,3.18
2022-05-07 08:00:00,m,2.8
2022-05-07 09:00:00,m,2.79
2022-05-11 08:00:00,m,4.62
2022-05-11 09:00:00,m,4.59
2022-05-12 08:00:00,m,3.82
2022-05-12 09:00:00,m,3.82
2022-05-13 08:00:00,m,4.35
2022-05-13 09:00:00,m,4.39
2022-05-14 08:00:00,m,6.3
2022-05-14 09:00:00,m,6.27
2022-05-14 11:00:00,m,6.25
2022-05-14 12:00:00,m,6.23
2022-05-14 14:00:00,m,6.2
2022-05-14 15:00:00,m,6.2
2022-05-14 17:00:00,m,6.2
2022-05-14 18:00:00,m,6.21
2022-05-14 20:00:00,m,6.26
2022-05-14 21:00:00,m,6.3
2022-05-14 23:00:00,m,6.34
2022-05-15 00:00:00,m,6.36
2022-05-15 02:00:00,m,6.39
2022-05-15 03:00:00,m,6.41
2022-05-15 05:00:00,m,6.4
2022-05-15 06:00:00,m,6.4
2022-05-15 08:00:00,m,6.37
2022-05-15 09:00:00,m,6.35
2022-05-15 11:00:00,m,6.31
2022-05-15 12:00:00,m,6.29
2022-05-15 14:00:00,m,6.22
2022-05-15 15:00:00,m,6.19
2022-05-15 17:00:00,m,6.14
2022-05-15 18:00:00,m,6.11
2022-05-15 20:00:00,m,6.06
2022-05-15 21:00:00,m,6.06
2022-05-15 23:00:00,m,6.05
2022-05-16 00:00:00,m,6.04
2022-05-16 02:00:00,m,6.07
2022-05-16 03:00:00,m,6.09
2022-05-16 05:00:00,m,6.03
2022-05-16 06:00:00,m,5.96
2022-05-16 08:00:00,m,5.87
2022-05-16 09:00:00,m,5.83
2022-05-16 11:00:00,m,5.77
2022-05-16 12:00:00,m,5.74
2022-05-16 14:00:00,m,5.68
2022-05-16 15:00:00,m,5.66
2022-05-16 17:00:00,m,5.6
2022-05-16 18:00:00,m,5.57
2022-05-16 20:00:00,m,5.52
2022-05-16 21:00:00,m,5.5
2022-05-16 23:00:00,m,5.44
2022-05-17 00:00:00,m,5.4
2022-05-17 02:00:00,m,5.35
2022-05-17 03:00:00,m,5.33
2022-05-17 05:00:00,m,5.27
2022-05-17 06:00:00,m,5.23
2022-05-17 08:00:00,m,5.18
2022-05-17 09:00:00,m,5.15
2022-05-17 11:00:00,m,5.1
2022-05-17 12:00:00,m,5.06
2022-05-17 14:00:00,m,4.99
2022-05-17 15:00:00,m,4.98
2022-05-17 17:00:00,m,4.96
2022-05-17 18:00:00,m,4.92
2022-05-18 02:00:00,m,4.83
2022-05-18 03:00:00,m,4.82
2022-05-18 05:00:00,m,4.78
2022-05-18 06:00:00,m,4.76
2022-05-18 08:00:00,m,4.74
2022-05-18 09:00:00,m,4.72
2022-05-18 11:00:00,m,4.7
2022-05-18 12:00:00,m,4.69
2022-05-18 14:00:00,m,4.66
2022-05-18 15:00:00,m,4.63
2022-05-20 08:00:00,m,4.36
2022-05-20 09:00:00,m,4.33
2022-05-21 08:00:00,m,3.76
2022-05-21 09:00:00,m,3.75
2022-05-22 08:00:00,m,3.49
2022-05-22 09:00:00,m,3.48
2022-05-25 08:00:00,m,4.54
2022-05-25 09:00:00,m,4.56
2022-05-26 08:00:00,m,3.8
2022-05-26 09:00:00,m,3.8
2022-05-27 08:00:00,m,4.45
2022-05-27 09:00:00,m,4.44
2022-05-28 08:00:00,m,4.34
2022-05-28 09:00:00,m,4.4
2022-05-29 08:00:00,m,4.71
2022-05-29 09:00:00,m,4.73
2022-05-30 08:00:00,m,5.15
2022-05-30 09:00:00,m,5.14
2022-05-31 08:00:00,m,6.2
2022-05-31 09:00:00,m,6.3
2022-05-31 11:00:00,m,6.53
2022-05-31 12:00:00,m,6.6
2022-05-31 14:00:00,m,6.74
2022-05-31 15:00:00,m,6.77
2022-05-31 17:00:00,m,6.85
2022-05-31 18:00:00,m,6.87
2022-05-31 20:00:00,m,6.91
2022-05-31 21:00:00,m,6.93
2022-05-31 23:00:00,m,6.96
2022-06-01 00:00:00,m,6.97
2022-06-01 02:00:00,m,6.97
2022-06-01 03:00:00,m,6.95
2022-06-01 05:00:00,m,6.9
2022-06-01 06:00:00,m,6.88
2022-06-01 08:00:00,m,6.83
2022-06-01 09:00:00,m,6.82
2022-06-01 14:00:00,m,6.69
2022-06-01 15:00:00,m,6.66
2022-06-01 17:00:00,m,6.64
2022-06-01 18:00:00,m,6.6
2022-06-01 20:00:00,m,6.57
2022-06-01 21:00:00,m,6.58
2022-06-02 08:00:00,m,6.33
2022-06-02 09:00:00,m,6.32
2022-06-02 11:00:00,m,6.31
2022-06-02 12:00:00,m,6.31
2022-06-02 21:00:00,m,6.24
2022-06-02 22:00:00,m,6.21
2022-06-03 08:00:00,m,5.51
2022-06-03 09:00:00,m,5.48
2022-06-03 20:00:00,m,5.81
2022-06-03 21:00:00,m,5.77
2022-06-04 05:00:00,m,5.58
2022-06-04 06:00:00,m,5.56
2022-06-04 14:00:00,m,5.37
2022-06-04 15:00:00,m,5.35
2022-06-07 08:00:00,m,5.44
2022-06-07 09:00:00,m,5.46
2022-06-10 08:00:00,m,3.98
2022-06-10 09:00:00,m,3.96
2022-07-03 08:00:00,m,4.02
2022-07-03 09:00:00,m,4.17
2022-07-04 08:00:00,m,4.26
2022-07-04 09:00:00,m,4.21
2022-07-22 08:00:00,m,5.23
2022-07-22 09:00:00,m,5.09
2022-08-01 08:00:00,m,5.51
2022-08-01 09:00:00,m,5.61
2022-08-01 11:00:00,m,5.73
2022-08-01 12:00:00,m,5.98
2022-08-01 14:00:00,m,6.71
2022-08-01 15:00:00,m,6.87
2022-08-01 17:00:00,m,7.01
2022-08-01 18:00:00,m,7.05
2022-08-01 20:00:00,m,7.19
2022-08-01 21:00:00,m,7.2
2022-08-01 23:00:00,m,7.31
2022-08-02 00:00:00,m,7.33
2022-08-02 02:00:00,m,7.34
2022-08-02 03:00:00,m,7.34
2022-08-02 08:00:00,m,6.95
2022-08-02 09:00:00,m,6.9
2022-08-02 11:00:00,m,6.8
2022-08-02 12:00:00,m,6.75
2022-08-03 02:00:00,m,6.45
2022-08-03 03:00:00,m,6.44
2022-08-03 05:00:00,m,6.38
2022-08-03 06:00:00,m,6.36
2022-08-03 08:00:00,m,6.28
2022-08-03 09:00:00,m,6.25
2022-08-03 11:00:00,m,6.18
2022-08-03 12:00:00,m,6.15
2022-08-03 14:00:00,m,6.08
2022-08-03 15:00:00,m,6.04
2022-08-03 17:00:00,m,5.96
2022-08-03 18:00:00,m,5.91
2022-08-03 20:00:00,m,5.84
2022-08-03 21:00:00,m,5.8
2022-08-04 05:00:00,m,5.56
2022-08-04 06:00:00,m,5.53
2022-08-04 08:00:00,m,5.47
2022-08-04 09:00:00,m,5.45
2022-08-04 11:00:00,m,5.35
2022-08-04 12:00:00,m,5.34
2022-08-04 14:00:00,m,5.31
2022-08-04 15:00:00,m,5.27
2022-08-04 20:00:00,m,4.98
2022-08-04 21:00:00,m,4.97
2022-08-05 05:00:00,m,4.83
2022-08-05 06:00:00,m,4.78
2022-08-05 08:00:00,m,4.63
2022-08-05 09:00:00,m,4.6
2022-08-05 11:00:00,m,4.53
2022-08-05 12:00:00,m,4.5
2022-08-05 14:00:00,m,4.43
2022-08-05 15:00:00,m,4.39
2022-08-05 17:00:00,m,4.33
2022-08-05 18:00:00,m,4.29
2022-08-06 08:00:00,m,3.92
2022-08-06 09:00:00,m,3.92
2022-08-07 08:00:00,m,3.42
2022-08-07 09:00:00,m,3.42
2022-08-08 08:00:00,m,3.19
2022-08-08 09:00:00,m,3.18
2022-08-27 08:00:00,m,3.82
2022-08-27 09:00:00,m,3.75
2022-08-31 08:00:00,m,4.58
2022-08-31 09:00:00,m,4.65
2022-08-31 17:00:00,m,4.47
2022-08-31 18:00:00,m,4.64
2022-08-31 20:00:00,m,5.0
2022-08-31 21:00:00,m,5.18
2022-08-31 23:00:00,m,5.45
2022-09-01 00:00:00,m,5.54
2022-09-01 02:00:00,m,5.67
2022-09-01 03:00:00,m,5.7
2022-09-01 05:00:00,m,5.68
2022-09-01 06:00:00,m,5.64
2022-09-01 11:00:00,m,5.39
2022-09-01 12:00:00,m,5.32
2022-09-01 14:00:00,m,5.22
2022-09-01 15:00:00,m,5.16
2022-09-01 17:00:00,m,5.01
2022-09-01 18:00:00,m,5.01
2022-09-01 20:00:00,m,4.93
2022-09-01 21:00:00,m,4.89
2022-09-01 23:00:00,m,4.79
2022-09-02 00:00:00,m,4.75
2022-09-02 02:00:00,m,4.66
2022-09-02 03:00:00,m,4.6
2022-09-02 05:00:00,m,4.53
2022-09-02 06:00:00,m,4.48
2022-09-02 11:00:00,m,4.38
2022-09-02 12:00:00,m,4.32
2022-09-02 14:00:00,m,4.21
2022-09-02 15:00:00,m,4.11
2022-09-02 17:00:00,m,4.02
2022-09-02 18:00:00,m,3.98
2022-09-03 08:00:00,m,3.33
2022-09-03 09:00:00,m,3.28
2022-09-03 11:00:00,m,3.2
2022-09-03 12:00:00,m,3.2
2022-09-03 14:00:00,m,3.12
2022-09-03 15:00:00,m,3.09
2022-09-04 08:00:00,m,2.88
2022-09-04 09:00:00,m,2.92
2022-09-04 11:00:00,m,3.02
2022-09-04 12:00:00,m,3.14
2022-09-04 14:00:00,m,3.41
2022-09-04 15:00:00,m,3.48
2022-09-05 08:00:00,m,3.77
2022-09-05 09:00:00,m,3.74
2022-09-05 14:00:00,m,3.63
2022-09-05 15:00:00,m,3.62
2022-09-05 17:00:00,m,3.68
2022-09-05 18:00:00,m,3.72
2022-09-05 20:00:00,m,4.02
2022-09-05 21:00:00,m,4.26
2022-09-05 23:00:00,m,4.68
2022-09-06 00:00:00,m,4.8
2022-09-06 02:00:00,m,4.98
2022-09-06 03:00:00,m,5.05
2022-09-06 05:00:00,m,5.15
2022-09-06 06:00:00,m,5.08
2022-09-06 08:00:00,m,5.04
2022-09-06 09:00:00,m,5.0
2022-09-06 11:00:00,m,4.92
2022-09-06 12:00:00,m,4.86
2022-09-06 14:00:00,m,4.71
2022-09-06 15:00:00,m,4.66
2022-09-06 17:00:00,m,4.55
2022-09-06 18:00:00,m,4.48
2022-09-06 20:00:00,m,4.38
2022-09-06 21:00:00,m,4.31
2022-09-06 23:00:00,m,4.3
2022-09-07 00:00:00,m,4.2
2022-09-07 02:00:00,m,4.14
2022-09-07 03:00:00,m,4.1
2022-09-07 05:00:00,m,4.05
2022-09-07 06:00:00,m,3.98
2022-09-07 08:00:00,m,3.95
2022-09-07 09:00:00,m,3.91
2022-09-07 11:00:00,m,3.78
2022-09-07 12:00:00,m,3.73
2022-09-07 14:00:00,m,3.65
2022-09-07 15:00:00,m,3.62
2022-09-08 08:00:00,m,3.25
2022-09-08 09:00:00,m,3.23
2022-09-08 11:00:00,m,3.19
2022-09-08 12:00:00,m,3.18
2022-09-09 08:00:00,m,2.91
2022-09-09 09:00:00,m,2.91
2022-09-10 08:00:00,m,2.76
2022-09-10 09:00:00,m,2.76
2022-10-13 08:00:00,m,3.25
2022-10-13 09:00:00,m,3.21
2022-10-14 08:00:00,m,4.01
2022-10-14 09:00:00,m,4.0
2022-10-14 20:00:00,m,4.34
2022-10-14 21:00:00,m,4.53
2022-10-14 23:00:00,m,4.97
2022-10-15 00:00:00,m,5.11
2022-10-15 02:00:00,m,5.37
2022-10-15 03:00:00,m,5.46
2022-10-15 05:00:00,m,5.55
2022-10-15 06:00:00,m,5.53
2022-10-15 08:00:00,m,5.51
2022-10-15 09:00:00,m,5.49
2022-10-15 11:00:00,m,5.44
2022-10-15 12:00:00,m,5.43
2022-10-15 14:00:00,m,5.4
2022-10-15 15:00:00,m,5.37
2022-10-15 17:00:00,m,5.33
2022-10-15 18:00:00,m,5.3
2022-10-15 20:00:00,m,5.24
2022-10-15 21:00:00,m,5.24
2022-10-15 23:00:00,m,5.18
2022-10-16 00:00:00,m,5.15
2022-10-16 02:00:00,m,5.1
2022-10-16 03:00:00,m,5.08
2022-10-16 05:00:00,m,5.01
2022-10-16 06:00:00,m,4.96
2022-10-16 08:00:00,m,4.86
2022-10-16 09:00:00,m,4.79
2022-10-16 11:00:00,m,4.69
2022-10-16 12:00:00,m,4.65
2022-10-16 14:00:00,m,4.53
2022-10-16 15:00:00,m,4.47
2022-10-16 17:00:00,m,4.43
2022-10-16 18:00:00,m,4.3
2022-10-16 20:00:00,m,4.24
2022-10-16 21:00:00,m,4.23
2022-10-16 23:00:00,m,4.22
2022-10-17 00:00:00,m,4.27
2022-10-17 02:00:00,m,4.32
2022-10-17 03:00:00,m,4.33
2022-10-17 05:00:00,m,4.37
2022-10-17 06:00:00,m,4.43
2022-10-17 08:00:00,m,4.52
2022-10-17 09:00:00,m,4.57
2022-10-17 11:00:00,m,4.75
2022-10-17 12:00:00,m,4.84
2022-10-17 17:00:00,m,5.19
2022-10-17 18:00:00,m,5.2
2022-10-18 07:00:00,m,4.83
2022-10-18 08:00:00,m,4.81
2022-10-18 09:00:00,m,4.81
2022-10-18 11:00:00,m,4.8
2022-10-18 12:00:00,m,4.8
2022-10-18 14:00:00,m,4.76
2022-10-18 15:00:00,m,4.72
2022-10-18 17:00:00,m,4.65
2022-10-18 18:00:00,m,4.61
2022-10-19 08:00:00,m,4.23
2022-10-19 09:00:00,m,4.2
2022-10-19 14:00:00,m,4.02
2022-10-19 15:00:00,m,4.02
2022-10-20 08:00:00,m,3.45
2022-10-20 09:00:00,m,3.42
2022-10-21 08:00:00,m,3.8
2022-10-21 09:00:00,m,3.9
2022-10-22 08:00:00,m,4.84
2022-10-22 09:00:00,m,4.81
2022-10-23 08:00:00,m,4.34
2022-10-23 09:00:00,m,4.29
2022-10-26 08:00:00,m,4.82
2022-10-26 09:00:00,m,4.78
2022-10-27 08:00:00,m,4.2
2022-10-27 09:00:00,m,4.2
2022-10-30 08:00:00,m,3.73
2022-10-30 09:00:00,m,3.68
2022-10-31 08:00:00,m,3.08
2022-10-31 09:00:00,m,3.1
2022-11-05 08:00:00,m,3.11
2022-11-05 09:00:00,m,3.09
2022-11-06 08:00:00,m,4.35
2022-11-06 09:00:00,m,4.34
2022-11-07 08:00:00,m,5.1
2022-11-07 09:00:00,m,5.04
2022-11-08 08:00:00,m,5.31
2022-11-08 09:00:00,m,5.27
2022-11-09 08:00:00,m,5.43
2022-11-09 09:00:00,m,5.4
2022-11-10 08:00:00,m,6.12
2022-11-10 09:00:00,m,6.11
2022-11-11 08:00:00,m,5.28
2022-11-11 09:00:00,m,5.24
2022-11-12 08:00:00,m,4.43
2022-11-12 09:00:00,m,4.4
2022-11-15 08:00:00,m,5.92
2022-11-15 09:00:00,m,5.9
2022-11-17 08:00:00,m,5.64
2022-11-17 09:00:00,m,5.64
2022-12-03 08:00:00,m,5.63
2022-12-03 09:00:00,m,5.56
2022-12-05 08:00:00,m,5.67
2022-12-05 09:00:00,m,5.63
2022-12-06 08:00:00,m,4.91
2022-12-06 09:00:00,m,4.84
2022-12-07 08:00:00,m,4.03
2022-12-07 09:00:00,m,3.9
2022-12-18 08:00:00,m,3.2
2022-12-18 09:00:00,m,3.19
2022-12-21 08:00:00,m,2.9
2022-12-21 09:00:00,m,2.9
2022-12-26 08:00:00,m,3.0
2022-12-26 09:00:00,m,2.99
2023-01-31 08:00:00,m,2.44
2023-01-31 09:00:00,m,2.44
2023-02-01 08:00:00,m,2.39
2023-02-01 09:00:00,m,2.39
2023-02-02 14:00:00,m,2.32
2023-02-02 15:00:00,m,2.32
2023-02-03 14:00:00,m,2.42
2023-02-03 15:00:00,m,2.4
2023-02-04 08:00:00,m,3.99
2023-02-04 09:00:00,m,4.1
2023-02-05 14:00:00,m,3.53
2023-02-05 15:00:00,m,3.53
2023-03-02 08:00:00,m,2.52
2023-03-02 09:00:00,m,2.51
2023-04-29 08:00:00,m,2.78
2023-04-29 09:00:00,m,2.78
2023-04-30 08:00:00,m,3.45
2023-04-30 09:00:00,m,3.44
2023-05-02 08:00:00,m,5.48
2023-05-02 09:00:00,m,5.46
2023-05-04 08:00:00,m,3.66
2023-05-04 09:00:00,m,3.6
2023-05-05 08:00:00,m,3.3
2023-05-05 09:00:00,m,3.52
2023-05-06 08:00:00,m,3.47
2023-05-06 09:00:00,m,3.44
2023-05-07 08:00:00,m,2.99
2023-05-07 09:00:00,m,2.98
2023-05-10 08:00:00,m,3.04
2023-05-10 09:00:00,m,3.04
2023-05-12 08:00:00,m,5.89
2023-05-12 09:00:00,m,5.69
2023-05-13 08:00:00,m,4.98
2023-05-13 09:00:00,m,4.95
2023-05-14 08:00:00,m,4.29
2023-05-14 09:00:00,m,4.37
2023-05-14 11:00:00,m,5.0
2023-05-14 12:00:00,m,5.66
2023-05-14 14:00:00,m,6.61
2023-05-14 15:00:00,m,6.82
2023-05-14 17:00:00,m,7.0
2023-05-14 18:00:00,m,7.05
2023-05-14 20:00:00,m,7.16
2023-05-14 21:00:00,m,7.2
2023-05-14 23:00:00,m,7.25
2023-05-15 00:00:00,m,7.28
2023-05-15 02:00:00,m,7.35
2023-05-15 03:00:00,m,7.39
2023-05-15 05:00:00,m,7.44
2023-05-15 06:00:00,m,7.45
2023-05-15 08:00:00,m,7.46
2023-05-15 09:00:00,m,7.46
2023-05-15 11:00:00,m,7.45
2023-05-15 12:00:00,m,7.44
2023-05-15 14:00:00,m,7.34
2023-05-15 15:00:00,m,7.26
2023-05-15 17:00:00,m,7.09
2023-05-15 18:00:00,m,7.01
2023-05-15 23:00:00,m,6.72
2023-05-16 00:00:00,m,6.68
2023-05-16 02:00:00,m,6.62
2023-05-16 03:00:00,m,6.59
2023-05-16 05:00:00,m,6.57
2023-05-16 06:00:00,m,6.57
2023-05-16 08:00:00,m,6.56
2023-05-16 09:00:00,m,6.56
2023-05-16 14:00:00,m,6.45
2023-05-16 15:00:00,m,6.4
2023-05-16 17:00:00,m,6.32
2023-05-16 18:00:00,m,6.3
2023-05-16 20:00:00,m,6.26
2023-05-16 21:00:00,m,6.26
2023-05-16 23:00:00,m,6.25
2023-05-17 00:00:00,m,6.24
2023-05-17 02:00:00,m,6.23
2023-05-17 03:00:00,m,6.21
2023-05-17 05:00:00,m,6.16
2023-05-17 06:00:00,m,6.1
2023-05-17 08:00:00,m,5.93
2023-05-17 09:00:00,m,5.87
2023-05-17 11:00:00,m,5.65
2023-05-17 12:00:00,m,5.53
2023-05-17 14:00:00,m,5.47
2023-05-17 15:00:00,m,5.44
2023-05-18 08:00:00,m,4.93
2023-05-18 09:00:00,m,4.9
2023-05-18 11:00:00,m,4.84
2023-05-18 12:00:00,m,4.8
2023-05-18 14:00:00,m,4.73
2023-05-18 15:00:00,m,4.66
2023-05-20 08:00:00,m,5.01
2023-05-20 09:00:00,m,5.13
2023-05-21 08:00:00,m,4.67
2023-05-21 09:00:00,m,4.76
2023-05-22 08:00:00,m,4.81
2023-05-22 09:00:00,m,4.78
2023-05-29 08:00:00,m,2.76
2023-05-29 09:00:00,m,2.77
2023-05-30 08:00:00,m,2.85
2023-05-30 09:00:00,m,2.91
2023-05-31 08:00:00,m,2.85
2023-05-31 09:00:00,m,2.86
2023-06-02 08:00:00,m,6.18
2023-06-02 09:00:00,m,6.05
2023-06-02 11:00:00,m,5.9
2023-06-02 12:00:00,m,5.88
2023-06-02 14:00:00,m,5.86
2023-06-02 15:00:00,m,5.86
2023-06-02 17:00:00,m,5.8
2023-06-02 18:00:00,m,5.78
2023-06-02 20:00:00,m,5.73
2023-06-02 21:00:00,m,5.7
2023-06-02 23:00:00,m,5.65
2023-06-03 00:00:00,m,5.63
2023-06-03 02:00:00,m,5.6
2023-06-03 03:00:00,m,5.58
2023-06-03 05:00:00,m,5.52
2023-06-03 06:00:00,m,5.5
2023-06-03 08:00:00,m,5.45
2023-06-03 09:00:00,m,5.4
2023-06-03 11:00:00,m,5.16
2023-06-03 12:00:00,m,5.0
2023-06-03 14:00:00,m,4.9
2023-06-03 15:00:00,m,4.88
2023-06-03 17:00:00,m,4.8
2023-06-03 18:00:00,m,4.74
2023-06-03 20:00:00,m,4.65
2023-06-03 21:00:00,m,4.6
2023-06-03 23:00:00,m,4.57
2023-06-04 00:00:00,m,4.54
2023-06-04 02:00:00,m,4.5
2023-06-04 03:00:00,m,4.48
2023-06-04 05:00:00,m,4.43
2023-06-04 06:00:00,m,4.42
2023-06-04 08:00:00,m,4.35
2023-06-04 09:00:00,m,4.33
2023-06-04 11:00:00,m,4.31
2023-06-04 12:00:00,m,4.29
2023-06-04 14:00:00,m,4.31
2023-06-04 15:00:00,m,4.29
2023-06-04 17:00:00,m,4.27
2023-06-04 18:00:00,m,4.22
2023-06-04 20:00:00,m,4.2
2023-06-04 21:00:00,m,4.2
2023-06-04 23:00:00,m,4.19
2023-06-05 00:00:00,m,4.18
2023-06-05 02:00:00,m,4.18
2023-06-05 03:00:00,m,4.18
2023-06-05 05:00:00,m,4.17
2023-06-05 06:00:00,m,4.15
2023-06-05 08:00:00,m,4.12
2023-06-05 09:00:00,m,4.11
2023-06-05 11:00:00,m,4.1
2023-06-05 12:00:00,m,4.08
2023-06-05 15:00:00,m,4.04
2023-06-05 18:00:00,m,4.58
2023-06-05 20:00:00,m,5.73
2023-06-05 21:00:00,m,5.93
2023-06-05 23:00:00,m,6.08
2023-06-06 00:00:00,m,6.1
2023-06-06 02:00:00,m,6.13
2023-06-06 03:00:00,m,6.15
2023-06-06 05:00:00,m,6.14
2023-06-06 06:00:00,m,6.02
2023-06-06 08:00:00,m,5.92
2023-06-06 09:00:00,m,5.85
2023-06-06 11:00:00,m,5.68
2023-06-06 12:00:00,m,5.6
2023-06-06 14:00:00,m,5.5
2023-06-06 15:00:00,m,5.48
2023-06-06 17:00:00,m,5.3
2023-06-06 18:00:00,m,5.27
2023-06-07 08:00:00,m,4.69
2023-06-07 09:00:00,m,4.66
2023-06-07 11:00:00,m,4.58
2023-06-07 12:00:00,m,4.54
2023-06-07 14:00:00,m,4.48
2023-06-07 15:00:00,m,4.45
2023-06-07 17:00:00,m,4.33
2023-06-07 18:00:00,m,4.28
2023-06-08 08:00:00,m,4.07
2023-06-08 09:00:00,m,4.06
2023-06-08 11:00:00,m,4.03
2023-06-08 12:00:00,m,4.03
2023-06-08 14:00:00,m,4.02
2023-06-08 15:00:00,m,4.02
2023-06-09 08:00:00,m,3.95
2023-06-09 09:00:00,m,3.92
2023-06-13 08:00:00,m,3.46
2023-06-13 09:00:00,m,3.59
2023-06-14 08:00:00,m,3.8
2023-06-14 09:00:00,m,3.88
2023-06-16 08:00:00,m,2.95
2023-06-16 09:00:00,m,2.9
2023-06-17 08:00:00,m,2.3
2023-06-17 09:00:00,m,2.2
2023-06-19 08:00:00,m,2.2
2023-06-19 09:00:00,m,2.2
2023-06-30 08:00:00,m,5.78
2023-06-30 09:00:00,m,5.78
2023-07-03 08:00:00,m,4.2
2023-07-03 09:00:00,m,4.25
2023-07-04 08:00:00,m,4.34
2023-07-04 09:00:00,m,4.28
2023-07-05 08:00:00,m,3.8
2023-07-05 09:00:00,m,3.79
2023-07-07 08:00:00,m,3.58
2023-07-07 09:00:00,m,3.54
2023-07-17 08:00:00,m,2.61
2023-07-17 09:00:00,m,2.61
2023-08-14 08:00:00,m,2.35
2023-08-14 09:00:00,m,2.35
2023-08-27 08:00:00,m,2.1
2023-08-27 09:00:00,m,2.1
2023-08-31 08:00:00,m,2.39
2023-08-31 09:00:00,m,2.37
2023-09-01 08:00:00,m,3.96
2023-09-01 09:00:00,m,4.08
2023-09-02 08:00:00,m,5.67
2023-09-02 09:00:00,m,5.72
2023-09-03 08:00:00,m,5.37
2023-09-03 09:00:00,m,5.37
2023-09-04 08:00:00,m,5.93
2023-09-04 09:00:00,m,5.88
2023-09-05 08:00:00,m,5.47
2023-09-05 09:00:00,m,5.4
2023-09-06 08:00:00,m,4.96
2023-09-06 09:00:00,m,5.01
2023-09-07 08:00:00,m,5.25
2023-09-07 09:00:00,m,5.18
2023-09-08 08:00:00,m,5.47
2023-09-08 09:00:00,m,5.51
2023-09-09 08:00:00,m,4.98
2023-09-09 09:00:00,m,4.94
2023-09-10 08:00:00,m,4.56
2023-09-10 09:00:00,m,4.53
2023-09-11 08:00:00,m,4.94
2023-09-11 09:00:00,m,5.01
2023-09-12 08:00:00,m,4.75
2023-09-12 09:00:00,m,4.72
2023-09-13 08:00:00,m,3.93
2023-09-13 09:00:00,m,3.92
2023-09-14 08:00:00,m,5.32
2023-09-14 09:00:00,m,5.5
2023-09-15 08:00:00,m,5.46
2023-09-15 09:00:00,m,5.46
2023-09-16 08:00:00,m,5.23
2023-09-16 09:00:00,m,5.18
2023-09-17 08:00:00,m,4.58
2023-09-17 09:00:00,m,4.56
2023-09-18 08:00:00,m,4.22
2023-09-18 09:00:00,m,4.35
2023-09-19 08:00:00,m,4.62
2023-09-19 09:00:00,m,4.66
2023-09-20 08:00:00,m,5.72
2023-09-20 09:00:00,m,5.77
2023-09-21 08:00:00,m,5.34
2023-09-21 09:00:00,m,5.22
2023-09-22 08:00:00,m,4.46
2023-09-22 09:00:00,m,4.44
2023-09-23 08:00:00,m,4.58
2023-09-23 09:00:00,m,4.65
2023-09-27 08:00:00,m,4.81
2023-09-27 09:00:00,m,4.9
2023-09-27 17:00:00,m,6.19
2023-09-27 18:00:00,m,6.24
2023-09-27 21:00:00,m,6.35
2023-09-27 23:00:00,m,6.4
2023-09-28 00:00:00,m,6.4
2023-09-28 02:00:00,m,6.46
2023-09-28 03:00:00,m,6.45
2023-09-28 05:00:00,m,6.43
2023-09-28 06:00:00,m,6.42
2023-09-28 08:00:00,m,6.49
2023-09-28 09:00:00,m,6.62
2023-09-28 11:00:00,m,6.94
2023-09-28 12:00:00,m,6.97
2023-09-28 14:00:00,m,7.06
2023-09-28 15:00:00,m,7.08
2023-09-28 17:00:00,m,7.11
2023-09-28 18:00:00,m,7.14
2023-09-28 20:00:00,m,7.18
2023-09-28 21:00:00,m,7.21
2023-09-28 23:00:00,m,7.25
2023-09-29 00:00:00,m,7.28
2023-09-29 02:00:00,m,7.29
2023-09-29 03:00:00,m,7.3
2023-09-29 05:00:00,m,7.35
2023-09-29 06:00:00,m,7.28
2023-09-29 08:00:00,m,7.12
2023-09-29 09:00:00,m,7.11
2023-09-29 11:00:00,m,7.05
2023-09-29 12:00:00,m,7.03
2023-09-29 20:00:00,m,6.75
2023-09-29 21:00:00,m,6.73
2023-09-29 23:00:00,m,6.7
2023-09-30 00:00:00,m,6.68
2023-09-30 02:00:00,m,6.65
2023-09-30 03:00:00,m,6.65
2023-09-30 05:00:00,m,6.6
2023-09-30 06:00:00,m,6.57
2023-09-30 08:00:00,m,6.5
2023-09-30 09:00:00,m,6.5
2023-09-30 11:00:00,m,6.48
2023-09-30 12:00:00,m,6.47
2023-09-30 14:00:00,m,6.46
2023-09-30 15:00:00,m,6.45
2023-09-30 17:00:00,m,6.41
2023-09-30 18:00:00,m,6.4
2023-09-30 20:00:00,m,6.39
2023-09-30 21:00:00,m,6.38
2023-09-30 23:00:00,m,6.36
2023-10-01 00:00:00,m,6.36
2023-10-01 02:00:00,m,6.34
2023-10-01 03:00:00,m,6.33
2023-10-01 05:00:00,m,6.31
2023-10-01 06:00:00,m,6.33
2023-10-01 08:00:00,m,6.29
2023-10-01 09:00:00,m,6.27
2023-10-01 11:00:00,m,6.21
2023-10-01 12:00:00,m,6.2
2023-10-01 14:00:00,m,6.18
2023-10-01 15:00:00,m,6.16
2023-10-01 17:00:00,m,6.12
2023-10-01 18:00:00,m,6.11
2023-10-01 20:00:00,m,6.08
2023-10-01 21:00:00,m,6.08
2023-10-01 23:00:00,m,6.08
2023-10-02 00:00:00,m,6.1
2023-10-02 02:00:00,m,6.15
2023-10-02 03:00:00,m,6.17
2023-10-02 05:00:00,m,6.16
2023-10-02 06:00:00,m,6.14
2023-10-02 08:00:00,m,6.19
2023-10-02 09:00:00,m,6.19
2023-10-02 11:00:00,m,6.19
2023-10-02 12:00:00,m,6.19
2023-10-02 14:00:00,m,6.19
2023-10-02 15:00:00,m,6.2
2023-10-02 17:00:00,m,6.26
2023-10-02 18:00:00,m,6.41
2023-10-02 20:00:00,m,6.67
2023-10-02 21:00:00,m,6.77
2023-10-02 23:00:00,m,6.88
2023-10-03 00:00:00,m,6.91
2023-10-03 02:00:00,m,6.97
2023-10-03 03:00:00,m,6.97
2023-10-03 05:00:00,m,6.87
2023-10-03 06:00:00,m,6.83
2023-10-03 08:00:00,m,6.78
2023-10-03 09:00:00,m,6.76
2023-10-03 11:00:00,m,6.7
2023-10-03 12:00:00,m,6.68
2023-10-03 14:00:00,m,6.65
2023-10-03 15:00:00,m,6.65
2023-10-03 20:00:00,m,6.8
2023-10-03 21:00:00,m,6.82
2023-10-03 23:00:00,m,6.85
2023-10-04 00:00:00,m,6.86
2023-10-04 02:00:00,m,6.84
2023-10-04 03:00:00,m,6.81
2023-10-04 05:00:00,m,6.77
2023-10-04 06:00:00,m,6.75
2023-10-04 08:00:00,m,6.72
2023-10-04 09:00:00,m,6.71
2023-10-04 11:00:00,m,6.7
2023-10-04 12:00:00,m,6.68
2023-10-04 14:00:00,m,6.64
2023-10-04 15:00:00,m,6.63
2023-10-04 17:00:00,m,6.78
2023-10-04 18:00:00,m,6.8
2023-10-04 20:00:00,m,6.85
2023-10-04 21:00:00,m,6.87
2023-10-04 23:00:00,m,6.84
2023-10-05 00:00:00,m,6.83
2023-10-05 02:00:00,m,6.83
2023-10-05 03:00:00,m,6.85
2023-10-05 05:00:00,m,6.85
2023-10-05 06:00:00,m,6.86
2023-10-05 08:00:00,m,6.85
2023-10-05 09:00:00,m,6.83
2023-10-05 11:00:00,m,6.78
2023-10-05 12:00:00,m,6.78
2023-10-05 14:00:00,m,6.75
2023-10-05 15:00:00,m,6.72
2023-10-05 17:00:00,m,6.66
2023-10-05 18:00:00,m,6.64
2023-10-05 20:00:00,m,6.61
2023-10-05 21:00:00,m,6.6
2023-10-05 23:00:00,m,6.6
2023-10-06 00:00:00,m,6.63
2023-10-06 02:00:00,m,6.68
2023-10-06 03:00:00,m,6.66
2023-10-06 05:00:00,m,6.59
2023-10-06 06:00:00,m,6.57
2023-10-06 08:00:00,m,6.55
2023-10-06 09:00:00,m,6.65
2023-10-06 11:00:00,m,6.52
2023-10-06 12:00:00,m,6.5
2023-10-06 14:00:00,m,6.49
2023-10-06 15:00:00,m,6.48
2023-10-06 17:00:00,m,6.45
2023-10-06 18:00:00,m,6.66
2023-10-06 20:00:00,m,6.72
2023-10-06 21:00:00,m,6.75
2023-10-06 23:00:00,m,7.0
2023-10-07 00:00:00,m,7.1
2023-10-07 02:00:00,m,7.06
2023-10-07 03:00:00,m,7.04
2023-10-07 05:00:00,m,7.08
2023-10-07 06:00:00,m,7.1
2023-10-07 08:00:00,m,7.23
2023-10-07 09:00:00,m,7.24
2023-10-07 11:00:00,m,7.24
2023-10-07 12:00:00,m,7.21
2023-10-07 14:00:00,m,7.17
2023-10-07 15:00:00,m,7.15
2023-10-07 17:00:00,m,7.11
2023-10-07 18:00:00,m,7.09
2023-10-07 20:00:00,m,7.06
2023-10-07 21:00:00,m,7.06
2023-10-07 23:00:00,m,6.98
2023-10-08 00:00:00,m,6.96
2023-10-08 02:00:00,m,6.92
2023-10-08 03:00:00,m,6.9
2023-10-08 05:00:00,m,6.86
2023-10-08 06:00:00,m,6.84
2023-10-08 08:00:00,m,6.82
2023-10-08 09:00:00,m,6.82
2023-10-08 11:00:00,m,6.8
2023-10-08 12:00:00,m,6.8
2023-10-08 14:00:00,m,6.78
2023-10-08 15:00:00,m,6.77
2023-10-08 17:00:00,m,6.72
2023-10-08 18:00:00,m,6.69
2023-10-08 20:00:00,m,6.64
2023-10-08 21:00:00,m,6.62
2023-10-08 23:00:00,m,6.58
2023-10-09 00:00:00,m,6.54
2023-10-09 02:00:00,m,6.48
2023-10-09 03:00:00,m,6.45
2023-10-09 05:00:00,m,6.4
2023-10-09 06:00:00,m,6.36
2023-10-09 08:00:00,m,6.33
2023-10-09 09:00:00,m,6.3
2023-10-09 11:00:00,m,6.26
2023-10-09 12:00:00,m,6.24
2023-10-09 14:00:00,m,6.2
2023-10-09 15:00:00,m,6.18
2023-10-09 17:00:00,m,6.15
2023-10-09 18:00:00,m,6.12
2023-10-09 20:00:00,m,6.09
2023-10-09 21:00:00,m,6.09
2023-10-09 23:00:00,m,6.08
2023-10-10 00:00:00,m,6.07
2023-10-10 02:00:00,m,6.07
2023-10-10 03:00:00,m,6.04
2023-10-10 05:00:00,m,6.03
2023-10-10 06:00:00,m,6.02
2023-10-10 08:00:00,m,5.98
2023-10-10 09:00:00,m,5.97
2023-10-10 11:00:00,m,5.96
2023-10-10 12:00:00,m,5.94
2023-10-10 14:00:00,m,5.89
2023-10-10 15:00:00,m,5.86
2023-10-10 17:00:00,m,5.8
2023-10-10 18:00:00,m,5.79
2023-10-11 08:00:00,m,6.16
2023-10-11 09:00:00,m,6.18
2023-10-11 11:00:00,m,6.14
2023-10-11 12:00:00,m,6.14
2023-10-11 14:00:00,m,6.14
2023-10-11 15:00:00,m,6.2
2023-10-11 17:00:00,m,6.28
2023-10-11 18:00:00,m,6.32
2023-10-12 08:00:00,m,6.95
2023-10-12 09:00:00,m,6.92
2023-10-12 11:00:00,m,6.86
2023-10-12 12:00:00,m,6.84
2023-10-12 14:00:00,m,6.79
2023-10-12 15:00:00,m,6.78
2023-10-12 17:00:00,m,6.71
2023-10-12 18:00:00,m,6.68
2023-10-13 08:00:00,m,6.26
2023-10-13 09:00:00,m,6.24
2023-10-13 11:00:00,m,6.19
2023-10-13 12:00:00,m,6.17
2023-10-13 14:00:00,m,6.13
2023-10-13 15:00:00,m,6.11
2023-10-13 17:00:00,m,6.08
2023-10-13 18:00:00,m,6.0
2023-10-14 08:00:00,m,5.75
2023-10-14 09:00:00,m,5.75
2023-10-14 11:00:00,m,5.71
2023-10-14 12:00:00,m,5.7
2023-10-14 14:00:00,m,5.65
2023-10-14 15:00:00,m,5.63
2023-10-15 08:00:00,m,5.45
2023-10-15 09:00:00,m,5.45
2023-10-15 11:00:00,m,5.41
2023-10-15 12:00:00,m,5.4
2023-10-15 14:00:00,m,5.37
2023-10-15 15:00:00,m,5.37
2023-10-16 08:00:00,m,5.02
2023-10-16 09:00:00,m,5.0
2023-10-16 11:00:00,m,4.97
2023-10-16 12:00:00,m,4.96
2023-10-16 14:00:00,m,4.93
2023-10-16 15:00:00,m,4.9
2023-10-17 08:00:00,m,4.81
2023-10-17 09:00:00,m,4.77
2023-10-17 11:00:00,m,4.7
2023-10-17 12:00:00,m,4.68
2023-10-17 14:00:00,m,4.66
2023-10-17 15:00:00,m,4.71
2023-10-18 08:00:00,m,4.75
2023-10-18 09:00:00,m,4.73
2023-10-18 11:00:00,m,4.64
2023-10-18 12:00:00,m,4.63
2023-10-18 14:00:00,m,4.73
2023-10-18 15:00:00,m,4.81
2023-10-19 08:00:00,m,5.79
2023-10-19 09:00:00,m,5.76
2023-10-19 11:00:00,m,5.73
2023-10-19 12:00:00,m,5.71
2023-10-19 14:00:00,m,5.69
2023-10-19 15:00:00,m,5.68
2023-10-20 08:00:00,m,5.56
2023-10-20 09:00:00,m,5.54
2023-10-20 11:00:00,m,5.53
2023-10-20 12:00:00,m,5.52
2023-10-20 14:00:00,m,5.47
2023-10-20 15:00:00,m,5.46
2023-10-21 08:00:00,m,5.1
2023-10-21 09:00:00,m,5.09
2023-10-21 11:00:00,m,5.08
2023-10-21 12:00:00,m,5.08
2023-10-21 14:00:00,m,5.07
2023-10-21 15:00:00,m,5.09
2023-10-22 08:00:00,m,5.01
2023-10-22 09:00:00,m,5.01
2023-10-22 11:00:00,m,5.0
2023-10-22 12:00:00,m,4.98
2023-10-23 08:00:00,m,6.71
2023-10-23 09:00:00,m,6.8
2023-10-23 11:00:00,m,6.88
2023-10-23 12:00:00,m,6.9
2023-10-23 14:00:00,m,6.96
2023-10-23 15:00:00,m,6.96
2023-10-23 17:00:00,m,6.96
2023-10-23 18:00:00,m,6.96
2023-10-23 20:00:00,m,6.96
2023-10-23 21:00:00,m,6.94
2023-10-23 23:00:00,m,6.89
2023-10-24 00:00:00,m,6.87
2023-10-24 02:00:00,m,6.84
2023-10-24 03:00:00,m,6.82
2023-10-24 05:00:00,m,6.79
2023-10-24 06:00:00,m,6.77
2023-10-24 08:00:00,m,6.67
2023-10-24 09:00:00,m,6.6
2023-10-24 11:00:00,m,6.51
2023-10-24 12:00:00,m,6.47
2023-10-24 14:00:00,m,6.43
2023-10-24 15:00:00,m,6.4
2023-10-24 17:00:00,m,6.36
2023-10-24 18:00:00,m,6.34
2023-10-25 08:00:00,m,5.95
2023-10-25 09:00:00,m,5.97
2023-10-25 11:00:00,m,5.95
2023-10-25 12:00:00,m,5.93
2023-10-25 14:00:00,m,5.89
2023-10-25 15:00:00,m,5.83
2023-10-25 17:00:00,m,5.9
2023-10-25 18:00:00,m,5.98
2023-10-26 08:00:00,m,6.41
2023-10-26 09:00:00,m,6.4
2023-10-26 11:00:00,m,6.32
2023-10-26 12:00:00,m,6.27
2023-10-26 14:00:00,m,6.2
2023-10-26 15:00:00,m,6.16
2023-10-27 08:00:00,m,6.33
2023-10-27 09:00:00,m,6.3
2023-10-27 12:00:00,m,6.26
2023-10-27 14:00:00,m,6.2
2023-10-27 15:00:00,m,6.18
2023-10-27 17:00:00,m,6.07
2023-10-27 18:00:00,m,6.06
2023-10-27 23:00:00,m,6.27
2023-10-28 08:00:00,m,5.67
2023-10-28 09:00:00,m,5.65
2023-10-28 12:00:00,m,5.56
2023-10-28 14:00:00,m,5.51
2023-10-28 15:00:00,m,5.48
2023-10-28 23:00:00,m,5.59
2023-10-29 08:00:00,m,5.21
2023-10-29 09:00:00,m,5.18
2023-10-29 11:00:00,m,5.15
2023-10-29 12:00:00,m,5.13
2023-10-29 14:00:00,m,5.07
2023-10-29 15:00:00,m,5.03
2023-10-30 11:00:00,m,4.58
2023-10-30 12:00:00,m,4.56
2023-10-30 14:00:00,m,4.53
2023-10-30 15:00:00,m,4.52
2023-10-30 17:00:00,m,4.49
2023-10-30 18:00:00,m,4.46
2023-10-31 08:00:00,m,5.57
2023-10-31 09:00:00,m,5.55
2023-10-31 11:00:00,m,5.52
2023-10-31 12:00:00,m,5.47
2023-10-31 14:00:00,m,5.35
2023-10-31 15:00:00,m,5.27
2023-10-31 17:00:00,m,5.4
2023-10-31 18:00:00,m,5.53
2023-10-31 20:00:00,m,6.2
2023-10-31 21:00:00,m,6.45
2023-10-31 23:00:00,m,6.62
2023-11-01 00:00:00,m,6.68
2023-11-01 02:00:00,m,6.78
2023-11-01 03:00:00,m,6.83
2023-11-01 05:00:00,m,6.95
2023-11-01 06:00:00,m,6.91
2023-11-01 08:00:00,m,6.78
2023-11-01 09:00:00,m,6.74
2023-11-01 11:00:00,m,6.63
2023-11-01 12:00:00,m,6.59
2023-11-01 14:00:00,m,6.5
2023-11-01 15:00:00,m,6.47
2023-11-01 17:00:00,m,6.45
2023-11-01 18:00:00,m,6.43
2023-11-01 20:00:00,m,6.38
2023-11-01 21:00:00,m,6.37
2023-11-01 23:00:00,m,6.32
2023-11-02 00:00:00,m,6.31
2023-11-02 02:00:00,m,6.28
2023-11-02 03:00:00,m,6.27
2023-11-02 05:00:00,m,6.26
2023-11-02 06:00:00,m,6.24
2023-11-02 08:00:00,m,6.18
2023-11-02 09:00:00,m,6.14
2023-11-02 11:00:00,m,6.0
2023-11-02 12:00:00,m,5.57
2023-11-02 14:00:00,m,5.95
2023-11-02 15:00:00,m,5.92
2023-11-02 17:00:00,m,5.85
2023-11-02 18:00:00,m,5.82
2023-11-03 08:00:00,m,6.61
2023-11-03 09:00:00,m,6.68
2023-11-03 11:00:00,m,6.48
2023-11-03 12:00:00,m,6.42
2023-11-03 14:00:00,m,6.37
2023-11-03 15:00:00,m,6.33
2023-11-03 17:00:00,m,6.27
2023-11-03 18:00:00,m,6.24
2023-11-04 08:00:00,m,5.68
2023-11-04 09:00:00,m,5.65
2023-11-04 11:00:00,m,5.59
2023-11-04 12:00:00,m,5.57
2023-11-04 14:00:00,m,5.47
2023-11-04 15:00:00,m,5.45
2023-11-05 08:00:00,m,5.43
2023-11-05 09:00:00,m,5.43
2023-11-05 11:00:00,m,5.4
2023-11-05 12:00:00,m,5.39
2023-11-05 14:00:00,m,5.32
2023-11-05 15:00:00,m,5.29
2023-11-06 08:00:00,m,6.31
2023-11-06 09:00:00,m,6.25
2023-11-06 17:00:00,m,5.96
2023-11-06 18:00:00,m,6.35
2023-11-07 08:00:00,m,6.52
2023-11-07 09:00:00,m,6.49
2023-11-07 14:00:00,m,6.3
2023-11-07 15:00:00,m,6.3
2023-11-08 08:00:00,m,6.44
2023-11-08 09:00:00,m,6.38
2023-11-08 11:00:00,m,6.32
2023-11-08 12:00:00,m,6.28
2023-11-08 17:00:00,m,6.16
2023-11-08 18:00:00,m,6.11
2023-11-09 08:00:00,m,5.75
2023-11-09 09:00:00,m,5.73
2023-11-09 11:00:00,m,5.68
2023-11-09 12:00:00,m,5.63
2023-11-09 14:00:00,m,5.57
2023-11-09 15:00:00,m,5.56
2023-11-09 17:00:00,m,5.57
2023-11-09 18:00:00,m,5.59
2023-11-10 08:00:00,m,5.96
2023-11-10 09:00:00,m,5.98
2023-11-10 11:00:00,m,5.96
2023-11-10 12:00:00,m,5.95
2023-11-10 14:00:00,m,5.78
2023-11-10 15:00:00,m,5.76
2023-11-10 17:00:00,m,5.73
2023-11-10 18:00:00,m,6.15
2023-11-11 08:00:00,m,5.82
2023-11-11 09:00:00,m,5.78
2023-11-11 11:00:00,m,5.71
2023-11-11 12:00:00,m,5.65
2023-11-11 14:00:00,m,5.54
2023-11-11 15:00:00,m,5.51
2023-11-11 17:00:00,m,5.42
2023-11-11 18:00:00,m,5.4
2023-11-12 08:00:00,m,5.24
2023-11-12 09:00:00,m,5.2
2023-11-12 11:00:00,m,5.08
2023-11-12 12:00:00,m,4.99
2023-11-12 14:00:00,m,4.97
2023-11-12 15:00:00,m,4.97
2023-11-13 08:00:00,m,5.07
2023-11-13 09:00:00,m,5.07
2023-11-13 11:00:00,m,5.05
2023-11-13 12:00:00,m,5.05
2023-11-13 14:00:00,m,5.04
2023-11-13 15:00:00,m,5.03
2023-11-13 17:00:00,m,5.0
2023-11-13 18:00:00,m,5.0
2023-11-14 08:00:00,m,4.96
2023-11-14 09:00:00,m,4.94
2023-11-15 08:00:00,m,4.4
2023-11-15 09:00:00,m,4.38
2023-11-16 08:00:00,m,4.19
2023-11-16 09:00:00,m,4.19
2023-11-17 08:00:00,m,4.72
2023-11-17 09:00:00,m,4.86
2023-11-18 08:00:00,m,5.06
2023-11-18 09:00:00,m,5.05
2023-11-19 08:00:00,m,5.88
2023-11-19 09:00:00,m,5.83
2023-11-20 08:00:00,m,5.05
2023-11-20 09:00:00,m,4.99
2023-11-20 11:00:00,m,4.87
2023-11-20 12:00:00,m,4.84
2023-11-20 14:00:00,m,4.77
2023-11-20 15:00:00,m,4.72
2023-11-20 17:00:00,m,4.65
2023-11-20 18:00:00,m,4.6
2023-11-21 08:00:00,m,4.34
2023-11-21 09:00:00,m,4.31
2023-11-21 11:00:00,m,4.22
2023-11-21 12:00:00,m,4.16
2023-11-21 14:00:00,m,4.13
2023-11-21 15:00:00,m,4.09
2023-11-22 08:00:00,m,4.52
2023-11-22 09:00:00,m,4.54
2023-11-22 11:00:00,m,4.54
2023-11-22 12:00:00,m,4.52
2023-11-22 14:00:00,m,4.46
2023-11-22 15:00:00,m,4.54
2023-11-22 17:00:00,m,5.08
2023-11-22 18:00:00,m,5.3
2023-11-22 20:00:00,m,5.7
2023-11-22 21:00:00,m,5.88
2023-11-22 23:00:00,m,6.22
2023-11-23 00:00:00,m,6.38
2023-11-23 02:00:00,m,6.48
2023-11-23 03:00:00,m,6.56
2023-11-23 05:00:00,m,6.62
2023-11-23 06:00:00,m,6.61
2023-11-23 08:00:00,m,6.58
2023-11-23 09:00:00,m,6.53
2023-11-23 11:00:00,m,6.48
2023-11-23 12:00:00,m,6.43
2023-11-23 14:00:00,m,6.38
2023-11-23 15:00:00,m,6.32
2023-11-23 17:00:00,m,6.24
2023-11-23 18:00:00,m,6.18
2023-11-23 20:00:00,m,6.0
2023-11-23 21:00:00,m,5.98
2023-11-23 23:00:00,m,5.97
2023-11-24 00:00:00,m,5.96
2023-11-24 02:00:00,m,5.93
2023-11-24 03:00:00,m,5.92
2023-11-24 05:00:00,m,5.88
2023-11-24 06:00:00,m,5.8
2023-11-24 08:00:00,m,5.59
2023-11-24 09:00:00,m,5.56
2023-11-24 11:00:00,m,5.53
2023-11-24 12:00:00,m,5.49
2023-11-24 14:00:00,m,5.4
2023-11-24 15:00:00,m,5.35
2023-11-24 17:00:00,m,5.3
2023-11-24 18:00:00,m,5.26
2023-11-25 08:00:00,m,4.91
2023-11-25 09:00:00,m,4.89
2023-11-25 11:00:00,m,4.83
2023-11-25 12:00:00,m,4.8
2023-11-25 14:00:00,m,4.75
2023-11-25 15:00:00,m,4.71
2023-11-26 08:00:00,m,4.23
2023-11-26 09:00:00,m,4.22
2023-11-27 08:00:00,m,3.88
2023-11-27 09:00:00,m,3.87
2023-11-28 08:00:00,m,3.55
2023-11-28 09:00:00,m,3.54
2023-11-29 08:00:00,m,4.69
2023-11-29 09:00:00,m,4.64
2023-11-30 08:00:00,m,5.45
2023-11-30 09:00:00,m,5.3
2023-12-02 08:00:00,m,3.62
2023-12-02 09:00:00,m,3.6
2023-12-03 08:00:00,m,3.44
2023-12-03 09:00:00,m,3.44
2023-12-04 08:00:00,m,4.22
2023-12-04 09:00:00,m,4.48
2023-12-05 08:00:00,m,5.3
2023-12-05 09:00:00,m,5.23
2023-12-06 08:00:00,m,4.9
2023-12-06 09:00:00,m,4.9
2023-12-07 08:00:00,m,4.96
2023-12-07 09:00:00,m,4.94
2023-12-08 08:00:00,m,4.76
2023-12-08 09:00:00,m,4.82
2023-12-09 08:00:00,m,4.78
2023-12-09 09:00:00,m,4.75
2023-12-10 08:00:00,m,4.6
2023-12-10 09:00:00,m,4.6
2023-12-11 08:00:00,m,5.12
2023-12-11 09:00:00,m,5.08
2023-12-12 08:00:00,m,7.0
2023-12-12 09:00:00,m,7.0
2023-12-12 11:00:00,m,6.96
2023-12-12 12:00:00,m,6.93
2023-12-12 14:00:00,m,6.85
2023-12-12 15:00:00,m,6.8
2023-12-12 17:00:00,m,6.77
2023-12-12 18:00:00,m,6.82
2023-12-13 08:00:00,m,7.07
2023-12-13 09:00:00,m,7.01
2023-12-13 11:00:00,m,6.92
2023-12-13 12:00:00,m,6.85
2023-12-13 14:00:00,m,6.82
2023-12-13 15:00:00,m,6.79
2023-12-13 17:00:00,m,6.75
2023-12-13 18:00:00,m,6.68
2023-12-14 08:00:00,m,6.27
2023-12-14 09:00:00,m,6.24
2023-12-14 11:00:00,m,6.0
2023-12-14 12:00:00,m,5.98
2023-12-14 14:00:00,m,5.96
2023-12-14 15:00:00,m,5.95
2023-12-14 17:00:00,m,5.88
2023-12-14 18:00:00,m,5.86
2023-12-15 08:00:00,m,5.58
2023-12-15 09:00:00,m,5.56
2023-12-15 11:00:00,m,5.45
2023-12-15 12:00:00,m,5.41
2023-12-15 14:00:00,m,5.34
2023-12-15 15:00:00,m,5.32
2023-12-15 17:00:00,m,5.3
2023-12-15 18:00:00,m,5.36
2023-12-16 08:00:00,m,5.8
2023-12-16 09:00:00,m,5.8
2023-12-16 11:00:00,m,5.87
2023-12-16 12:00:00,m,5.88
2023-12-16 14:00:00,m,5.84
2023-12-16 15:00:00,m,5.9
2023-12-17 08:00:00,m,6.6
2023-12-17 09:00:00,m,6.56
2023-12-17 11:00:00,m,6.47
2023-12-17 12:00:00,m,6.41
2023-12-17 14:00:00,m,6.35
2023-12-17 15:00:00,m,6.3
2023-12-18 08:00:00,m,5.7
2023-12-18 09:00:00,m,5.68
2023-12-18 11:00:00,m,5.62
2023-12-18 12:00:00,m,5.6
2023-12-18 14:00:00,m,5.52
2023-12-18 15:00:00,m,5.52
2023-12-18 17:00:00,m,5.53
2023-12-18 18:00:00,m,5.54
2023-12-19 08:00:00,m,6.54
2023-12-19 09:00:00,m,6.49
2023-12-19 11:00:00,m,6.41
2023-12-19 12:00:00,m,6.37
2023-12-19 14:00:00,m,6.29
2023-12-19 15:00:00,m,6.24
2023-12-19 17:00:00,m,6.2
2023-12-19 18:00:00,m,6.18
2023-12-20 08:00:00,m,5.77
2023-12-20 09:00:00,m,5.76
2023-12-20 11:00:00,m,5.7
2023-12-20 12:00:00,m,5.64
2023-12-20 14:00:00,m,5.6
2023-12-20 15:00:00,m,5.58
2023-12-20 17:00:00,m,5.55
2023-12-20 18:00:00,m,5.55
2023-12-21 08:00:00,m,5.3
2023-12-21 09:00:00,m,5.29
2023-12-21 11:00:00,m,5.1
2023-12-21 12:00:00,m,4.98
2023-12-21 14:00:00,m,4.94
2023-12-21 15:00:00,m,4.9
2023-12-21 17:00:00,m,4.82
2023-12-21 18:00:00,m,4.82
2023-12-22 08:00:00,m,4.49
2023-12-22 09:00:00,m,4.47
2023-12-23 08:00:00,m,4.07
2023-12-23 09:00:00,m,4.06
2023-12-24 08:00:00,m,3.8
2023-12-24 09:00:00,m,3.77
2023-12-27 08:00:00,m,3.27
2023-12-27 09:00:00,m,3.27
2023-12-28 08:00:00,m,3.21
2023-12-28 09:00:00,m,3.2
2023-12-29 08:00:00,m,3.53
2023-12-29 09:00:00,m,3.52
2023-12-30 08:00:00,m,3.28
2023-12-30 09:00:00,m,3.28
2023-12-31 08:00:00,m,3.09
2023-12-31 09:00:00,m,3.09
2024-01-01 08:00:00,m,4.55
2024-01-01 09:00:00,m,4.57
2024-01-02 08:00:00,m,5.15
2024-01-02 09:00:00,m,5.09
2024-01-03 08:00:00,m,4.22
2024-01-03 09:00:00,m,4.2
2024-01-04 08:00:00,m,4.6
2024-01-04 09:00:00,m,4.58
2024-01-05 08:00:00,m,5.47
2024-01-05 09:00:00,m,5.41
2024-01-06 08:00:00,m,5.59
2024-01-06 09:00:00,m,5.57
2024-01-07 08:00:00,m,6.8
2024-01-07 09:00:00,m,6.73
2024-01-08 08:00:00,m,5.98
2024-01-08 09:00:00,m,5.93
2024-01-09 08:00:00,m,5.29
2024-01-09 09:00:00,m,5.26
2024-01-10 08:00:00,m,4.73
2024-01-10 09:00:00,m,4.68
2024-01-11 08:00:00,m,4.4
2024-01-11 09:00:00,m,4.4
2024-01-12 08:00:00,m,3.93
2024-01-12 09:00:00,m,3.88
2024-01-13 08:00:00,m,3.47
2024-01-13 09:00:00,m,3.46
2024-01-14 08:00:00,m,3.2
2024-01-14 09:00:00,m,3.19
2024-01-15 08:00:00,m,3.05
2024-01-15 09:00:00,m,3.0
2024-01-16 08:00:00,m,3.09
2024-01-16 09:00:00,m,3.09
2024-01-17 08:00:00,m,3.03
2024-01-17 09:00:00,m,3.02
2024-01-18 08:00:00,m,2.91
2024-01-18 09:00:00,m,2.89
2024-01-19 08:00:00,m,2.92
2024-01-19 09:00:00,m,3.05
2024-01-20 08:00:00,m,3.3
2024-01-20 09:00:00,m,3.36
2024-01-22 08:00:00,m,3.95
2024-01-22 09:00:00,m,3.88
2024-01-24 08:00:00,m,3.03
2024-01-24 09:00:00,m,3.02
2024-01-27 08:00:00,m,2.66
2024-01-27 09:00:00,m,2.66
2024-02-05 08:00:00,m,3.64
2024-02-05 09:00:00,m,3.6
2024-02-06 08:00:00,m,2.75
2024-02-06 09:00:00,m,2.75
2024-02-07 08:00:00,m,2.68
2024-02-07 09:00:00,m,2.66
2024-02-14 08:00:00,m,2.38
2024-02-14 09:00:00,m,2.39
2024-03-12 08:00:00,m,2.16
2024-03-12 09:00:00,m,2.16
2024-03-13 08:00:00,m,2.13
2024-03-13 09:00:00,m,2.13
2024-04-13 08:00:00,m,3.2
2024-04-13 09:00:00,m,3.13
2024-04-22 08:00:00,m,2.37
2024-04-22 09:00:00,m,2.37
2024-04-28 08:00:00,m,5.43
2024-04-28 09:00:00,m,5.36
2024-05-04 08:00:00,m,2.44
2024-05-04 09:00:00,m,2.43
2024-05-15 08:00:00,m,4.05
2024-05-15 09:00:00,m,4.18
2024-05-18 17:00:00,m,3.39
2024-05-18 18:00:00,m,3.38
2024-05-19 05:00:00,m,3.28
2024-05-19 06:00:00,m,3.26
2024-05-19 08:00:00,m,3.24
2024-05-19 09:00:00,m,3.22
2024-05-19 11:00:00,m,3.2
2024-05-19 12:00:00,m,3.19
2024-05-19 14:00:00,m,3.16
2024-05-19 15:00:00,m,3.32
2024-05-19 17:00:00,m,3.62
2024-05-19 18:00:00,m,3.89
2024-05-19 20:00:00,m,4.05
2024-05-19 21:00:00,m,4.28
2024-05-19 23:00:00,m,4.48
2024-05-20 00:00:00,m,4.52
2024-05-20 02:00:00,m,4.57
2024-05-20 03:00:00,m,4.6
2024-05-20 05:00:00,m,4.64
2024-05-20 06:00:00,m,4.58
2024-05-20 08:00:00,m,4.4
2024-05-20 09:00:00,m,4.38
2024-05-20 14:00:00,m,4.48
2024-05-20 15:00:00,m,4.56
2024-05-20 17:00:00,m,4.96
2024-05-20 18:00:00,m,5.15
2024-05-20 20:00:00,m,5.5
2024-05-20 21:00:00,m,5.62
2024-05-20 23:00:00,m,5.73
2024-05-21 00:00:00,m,5.76
2024-05-21 05:00:00,m,5.65
2024-05-21 06:00:00,m,5.6
2024-05-21 08:00:00,m,5.51
2024-05-21 09:00:00,m,5.47
2024-05-21 11:00:00,m,5.39
2024-05-21 12:00:00,m,5.36
2024-05-21 14:00:00,m,5.32
2024-05-21 15:00:00,m,5.3
2024-05-21 17:00:00,m,5.28
2024-05-21 18:00:00,m,5.27
2024-05-21 20:00:00,m,5.25
2024-05-21 21:00:00,m,5.24
2024-05-21 23:00:00,m,5.22
2024-05-22 00:00:00,m,5.2
2024-05-22 02:00:00,m,5.2
2024-05-22 03:00:00,m,5.19
2024-05-22 05:00:00,m,5.18
2024-05-22 06:00:00,m,5.18
2024-05-22 08:00:00,m,5.1
2024-05-22 09:00:00,m,5.07
2024-05-22 14:00:00,m,5.09
2024-05-22 15:00:00,m,5.11
2024-05-22 17:00:00,m,5.12
2024-05-22 18:00:00,m,5.13
2024-05-22 20:00:00,m,5.15
2024-05-22 21:00:00,m,5.17
2024-05-22 23:00:00,m,5.22
2024-05-23 00:00:00,m,5.22
2024-05-23 02:00:00,m,5.27
2024-05-23 03:00:00,m,5.27
2024-05-23 05:00:00,m,5.27
2024-05-23 06:00:00,m,5.28
2024-05-23 08:00:00,m,5.32
2024-05-23 09:00:00,m,5.31
2024-05-23 11:00:00,m,5.26
2024-05-23 12:00:00,m,5.25
2024-05-23 14:00:00,m,5.21
2024-05-23 15:00:00,m,5.19
2024-05-23 17:00:00,m,5.12
2024-05-23 18:00:00,m,5.07
2024-05-23 20:00:00,m,5.02
2024-05-23 21:00:00,m,5.02
2024-05-23 23:00:00,m,4.96
2024-05-24 00:00:00,m,4.93
2024-05-24 02:00:00,m,4.87
2024-05-24 03:00:00,m,4.86
2024-05-24 05:00:00,m,4.86
2024-05-24 06:00:00,m,4.83
2024-05-24 08:00:00,m,4.76
2024-05-24 09:00:00,m,4.71
2024-05-24 11:00:00,m,4.62
2024-05-24 12:00:00,m,4.64
2024-05-24 17:00:00,m,4.8
2024-05-24 18:00:00,m,4.86
2024-05-24 20:00:00,m,4.96
2024-05-24 21:00:00,m,5.03
2024-05-24 23:00:00,m,5.12
2024-05-25 00:00:00,m,5.17
2024-05-25 02:00:00,m,5.24
2024-05-25 03:00:00,m,5.27
2024-05-25 05:00:00,m,5.24
2024-05-25 06:00:00,m,5.22
2024-05-25 08:00:00,m,5.21
2024-05-25 09:00:00,m,5.21
2024-05-25 11:00:00,m,5.2
2024-05-25 12:00:00,m,5.2
2024-05-25 14:00:00,m,5.19
2024-05-25 15:00:00,m,5.19
2024-05-25 17:00:00,m,5.17
2024-05-25 18:00:00,m,5.16
2024-05-25 20:00:00,m,5.15
2024-05-25 21:00:00,m,5.12
2024-05-25 23:00:00,m,5.08
2024-05-26 00:00:00,m,5.06
2024-05-26 02:00:00,m,5.04
2024-05-26 03:00:00,m,5.03
2024-05-26 05:00:00,m,5.11
2024-05-26 06:00:00,m,5.18
2024-05-26 11:00:00,m,5.28
2024-05-26 12:00:00,m,5.26
2024-05-26 14:00:00,m,5.22
2024-05-26 15:00:00,m,5.18
2024-05-26 17:00:00,m,5.15
2024-05-26 18:00:00,m,5.13
2024-05-26 20:00:00,m,5.08
2024-05-26 21:00:00,m,5.13
2024-05-26 23:00:00,m,5.24
2024-05-27 00:00:00,m,5.28
2024-05-27 02:00:00,m,5.35
2024-05-27 03:00:00,m,5.37
2024-05-27 05:00:00,m,5.42
2024-05-27 06:00:00,m,5.42
2024-05-27 08:00:00,m,5.35
2024-05-27 09:00:00,m,5.33
2024-05-27 11:00:00,m,5.3
2024-05-27 12:00:00,m,5.28
2024-05-27 14:00:00,m,5.25
2024-05-27 15:00:00,m,5.24
2024-05-27 17:00:00,m,5.25
2024-05-27 18:00:00,m,5.32
2024-05-27 20:00:00,m,5.4
2024-05-27 21:00:00,m,5.45
2024-05-27 23:00:00,m,5.55
2024-05-28 00:00:00,m,5.63
2024-05-28 02:00:00,m,5.7
2024-05-28 03:00:00,m,5.73
2024-05-28 05:00:00,m,5.78
2024-05-28 06:00:00,m,5.81
2024-05-28 08:00:00,m,5.88
2024-05-28 09:00:00,m,5.89
2024-05-28 11:00:00,m,5.95
2024-05-28 12:00:00,m,5.97
2024-05-28 14:00:00,m,5.97
2024-05-28 15:00:00,m,5.97
2024-05-28 17:00:00,m,5.94
2024-05-28 18:00:00,m,5.93
2024-05-28 20:00:00,m,5.91
2024-05-28 21:00:00,m,5.9
2024-05-28 23:00:00,m,5.87
2024-05-29 00:00:00,m,5.86
2024-05-29 02:00:00,m,5.85
2024-05-29 03:00:00,m,5.83
2024-05-29 05:00:00,m,5.79
2024-05-29 06:00:00,m,5.76
2024-05-29 11:00:00,m,5.58
2024-05-29 12:00:00,m,5.56
2024-05-29 14:00:00,m,5.53
2024-05-29 15:00:00,m,5.51
2024-05-29 17:00:00,m,5.44
2024-05-29 18:00:00,m,5.42
2024-05-29 20:00:00,m,5.37
2024-05-29 21:00:00,m,5.35
2024-05-29 23:00:00,m,5.27
2024-05-30 00:00:00,m,5.25
2024-05-30 02:00:00,m,5.22
2024-05-30 03:00:00,m,5.24
2024-05-30 05:00:00,m,5.29
2024-05-30 06:00:00,m,5.57
2024-05-30 11:00:00,m,5.95
2024-05-30 12:00:00,m,5.97
2024-05-30 14:00:00,m,5.9
2024-05-30 15:00:00,m,5.89
2024-05-30 17:00:00,m,5.82
2024-05-30 18:00:00,m,5.75
2024-05-30 20:00:00,m,5.68
2024-05-30 21:00:00,m,5.63
2024-05-30 23:00:00,m,5.57
2024-05-31 00:00:00,m,5.53
2024-05-31 02:00:00,m,5.47
2024-05-31 03:00:00,m,5.45
2024-05-31 05:00:00,m,5.4
2024-05-31 06:00:00,m,5.37
2024-05-31 08:00:00,m,5.32
2024-05-31 09:00:00,m,5.29
2024-05-31 14:00:00,m,5.15
2024-05-31 15:00:00,m,5.13
2024-05-31 17:00:00,m,5.07
2024-05-31 18:00:00,m,5.05
2024-06-01 08:00:00,m,5.31
2024-06-01 09:00:00,m,5.28
2024-06-01 11:00:00,m,5.24
2024-06-01 12:00:00,m,5.23
2024-06-01 14:00:00,m,5.16
2024-06-01 15:00:00,m,5.14
2024-06-01 17:00:00,m,5.1
2024-06-01 18:00:00,m,5.1
2024-06-02 05:00:00,m,6.97
2024-06-02 06:00:00,m,7.1
2024-06-02 08:00:00,m,7.15
2024-06-02 09:00:00,m,7.2
2024-06-02 11:00:00,m,7.39
2024-06-02 12:00:00,m,7.45
2024-06-02 14:00:00,m,7.59
2024-06-02 15:00:00,m,7.64
2024-06-02 17:00:00,m,7.79
2024-06-02 18:00:00,m,7.79
2024-06-02 23:00:00,m,7.73
2024-06-03 00:00:00,m,7.7
2024-06-03 02:00:00,m,7.65
2024-06-03 03:00:00,m,7.64
2024-06-03 05:00:00,m,7.6
2024-06-03 06:00:00,m,7.59
2024-06-03 08:00:00,m,7.56
2024-06-03 09:00:00,m,7.52
2024-06-03 11:00:00,m,7.26
2024-06-03 12:00:00,m,7.21
2024-06-03 14:00:00,m,
2024-06-03 15:00:00,m,
2024-06-03 17:00:00,m,
2024-06-03 18:00:00,m,
2024-06-03 23:00:00,m,
2024-06-04 00:00:00,m,
2024-06-04 02:00:00,m,
2024-06-04 03:00:00,m,
2024-06-04 05:00:00,m,
2024-06-04 06:00:00,m,
2024-06-04 08:00:00,m,6.65
2024-06-04 09:00:00,m,6.62
2024-06-04 11:00:00,m,6.54
2024-06-04 12:00:00,m,6.51
2024-06-04 14:00:00,m,6.44
2024-06-04 15:00:00,m,6.44
2024-06-04 17:00:00,m,6.43
2024-06-04 18:00:00,m,6.41
2024-06-04 20:00:00,m,6.37
2024-06-04 21:00:00,m,6.34
2024-06-04 23:00:00,m,6.3
2024-06-05 00:00:00,m,6.27
2024-06-05 02:00:00,m,6.23
2024-06-05 03:00:00,m,6.21
2024-06-05 05:00:00,m,6.21
2024-06-05 06:00:00,m,6.2
2024-06-05 08:00:00,m,6.19
2024-06-05 09:00:00,m,6.17
2024-06-05 11:00:00,m,6.13
2024-06-05 12:00:00,m,6.11
2024-06-05 14:00:00,m,6.07
2024-06-05 15:00:00,m,6.06
2024-06-05 17:00:00,m,6.02
2024-06-05 18:00:00,m,6.0
2024-06-05 20:00:00,m,5.99
2024-06-05 21:00:00,m,5.97
2024-06-05 23:00:00,m,5.96
2024-06-06 00:00:00,m,5.96
2024-06-06 02:00:00,m,5.95
2024-06-06 03:00:00,m,5.94
2024-06-06 05:00:00,m,5.86
2024-06-06 06:00:00,m,5.85
2024-06-06 11:00:00,m,5.7
2024-06-06 12:00:00,m,5.68
2024-06-06 14:00:00,m,5.63
2024-06-06 15:00:00,m,5.6
2024-06-06 17:00:00,m,5.56
2024-06-06 18:00:00,m,5.54
2024-06-06 20:00:00,m,5.5
2024-06-06 21:00:00,m,5.5
2024-06-06 23:00:00,m,5.47
2024-06-07 00:00:00,m,5.46
2024-06-07 02:00:00,m,5.43
2024-06-07 03:00:00,m,5.43
2024-06-07 05:00:00,m,5.42
2024-06-07 06:00:00,m,5.41
2024-06-07 08:00:00,m,5.39
2024-06-07 09:00:00,m,5.41
2024-06-07 11:00:00,m,5.4
2024-06-07 12:00:00,m,5.39
2024-06-07 14:00:00,m,5.37
2024-06-07 15:00:00,m,5.36
2024-06-07 17:00:00,m,5.33
2024-06-07 18:00:00,m,5.31
2024-06-07 20:00:00,m,5.29
2024-06-07 21:00:00,m,5.28
2024-06-07 23:00:00,m,5.27
2024-06-08 00:00:00,m,5.27
2024-06-08 02:00:00,m,5.28
2024-06-08 03:00:00,m,5.3
2024-06-08 05:00:00,m,5.37
2024-06-08 06:00:00,m,5.39
2024-06-08 08:00:00,m,5.45
2024-06-08 09:00:00,m,5.48
2024-06-08 11:00:00,m,5.56
2024-06-08 12:00:00,m,5.58
2024-06-08 14:00:00,m,5.56
2024-06-08 15:00:00,m,5.55
2024-06-09 08:00:00,m,5.24
2024-06-09 09:00:00,m,5.19
2024-06-10 08:00:00,m,4.65
2024-06-10 09:00:00,m,4.6
2024-06-11 08:00:00,m,4.22
2024-06-11 09:00:00,m,4.2
2024-06-12 08:00:00,m,4.04
2024-06-12 09:00:00,m,4.04
2024-06-13 08:00:00,m,3.73
2024-06-13 09:00:00,m,3.73
2024-06-14 08:00:00,m,3.58
2024-06-14 09:00:00,m,3.56
2024-06-19 08:00:00,m,3.26
2024-06-19 09:00:00,m,3.29
2024-06-20 08:00:00,m,3.46
2024-06-20 09:00:00,m,3.58
2024-07-06 08:00:00,m,5.77
2024-07-06 09:00:00,m,5.83
2024-07-07 08:00:00,m,5.03
2024-07-07 09:00:00,m,4.96
2024-07-10 08:00:00,m,2.92
2024-07-10 09:00:00,m,2.93
2024-07-14 08:00:00,m,3.12
2024-07-14 09:00:00,m,3.15
2024-07-15 08:00:00,m,2.89
2024-07-15 09:00:00,m,2.89
2024-07-22 08:00:00,m,2.51
2024-07-22 09:00:00,m,2.51
2024-07-30 08:00:00,m,4.22
2024-07-30 09:00:00,m,4.48
2024-08-17 08:00:00,m,5.6
2024-08-17 09:00:00,m,5.63
2024-08-17 11:00:00,m,5.61
2024-08-17 12:00:00,m,5.57
2024-08-17 14:00:00,m,5.48
2024-08-17 15:00:00,m,5.44
2024-08-17 17:00:00,m,5.35
2024-08-17 18:00:00,m,5.3
2024-08-18 02:00:00,m,4.91
2024-08-18 03:00:00,m,4.85
2024-08-18 05:00:00,m,4.76
2024-08-18 06:00:00,m,4.78
2024-08-18 08:00:00,m,4.82
2024-08-18 09:00:00,m,4.83
2024-08-18 11:00:00,m,4.8
2024-08-18 12:00:00,m,4.76
2024-08-18 14:00:00,m,4.64
2024-08-18 15:00:00,m,4.57
2024-08-18 20:00:00,m,4.4
2024-08-18 21:00:00,m,4.39
2024-08-19 05:00:00,m,4.24
2024-08-19 06:00:00,m,4.24
2024-08-19 08:00:00,m,4.21
2024-08-19 09:00:00,m,4.18
2024-08-19 11:00:00,m,4.15
2024-08-19 12:00:00,m,4.12
2024-08-19 14:00:00,m,4.03
2024-08-19 15:00:00,m,3.99
2024-08-19 17:00:00,m,3.9
2024-08-19 18:00:00,m,3.88
2024-08-20 02:00:00,m,2.73
2024-08-20 03:00:00,m,2.71
2024-08-20 05:00:00,m,3.69
2024-08-20 06:00:00,m,3.66
2024-08-20 08:00:00,m,3.59
2024-08-20 09:00:00,m,3.57
2024-08-20 11:00:00,m,3.58
2024-08-20 12:00:00,m,3.57
2024-08-20 14:00:00,m,3.54
2024-08-20 15:00:00,m,3.53
2024-08-20 20:00:00,m,3.59
2024-08-20 21:00:00,m,3.62
2024-08-20 23:00:00,m,3.68
2024-08-21 00:00:00,m,3.71
2024-08-21 02:00:00,m,3.74
2024-08-21 03:00:00,m,3.77
2024-08-21 05:00:00,m,3.78
2024-08-21 06:00:00,m,3.79
2024-08-21 08:00:00,m,3.95
2024-08-21 09:00:00,m,4.09
2024-08-21 11:00:00,m,5.97
2024-08-21 12:00:00,m,6.12
2024-08-21 14:00:00,m,6.38
2024-08-21 15:00:00,m,6.43
2024-08-21 20:00:00,m,6.33
2024-08-21 21:00:00,m,6.3
2024-08-22 02:00:00,m,6.12
2024-08-22 03:00:00,m,6.05
2024-08-22 05:00:00,m,5.93
2024-08-22 06:00:00,m,5.9
2024-08-22 08:00:00,m,5.9
2024-08-22 09:00:00,m,5.88
2024-08-22 11:00:00,m,5.8
2024-08-22 12:00:00,m,5.76
2024-08-22 14:00:00,m,5.68
2024-08-22 15:00:00,m,5.61
2024-08-22 20:00:00,m,5.39
2024-08-22 21:00:00,m,5.35
2024-08-23 05:00:00,m,4.97
2024-08-23 06:00:00,m,4.93
2024-08-23 08:00:00,m,4.85
2024-08-23 09:00:00,m,4.81
2024-08-23 14:00:00,m,4.63
2024-08-23 15:00:00,m,4.58
2024-08-24 08:00:00,m,4.18
2024-08-24 09:00:00,m,4.15
2024-08-31 08:00:00,m,5.24
2024-08-31 09:00:00,m,5.13
2024-09-02 08:00:00,m,5.37
2024-09-02 09:00:00,m,5.34
2024-09-03 08:00:00,m,4.91
2024-09-03 09:00:00,m,4.97
2024-09-03 11:00:00,m,5.07
2024-09-03 12:00:00,m,5.15
2024-09-03 14:00:00,m,5.32
2024-09-03 15:00:00,m,5.35
2024-09-03 17:00:00,m,5.34
2024-09-03 18:00:00,m,5.33
2024-09-04 08:00:00,m,4.98
2024-09-04 09:00:00,m,4.95
2024-09-05 08:00:00,m,4.33
2024-09-05 09:00:00,m,4.31
2024-09-27 08:00:00,m,4.4
2024-09-27 09:00:00,m,5.83
2024-09-28 08:00:00,m,5.27
2024-09-28 09:00:00,m,5.23
2024-09-29 08:00:00,m,5.13
2024-09-29 09:00:00,m,5.08
2024-10-08 08:00:00,m,4.31
2024-10-08 09:00:00,m,4.28
2024-10-11 08:00:00,m,5.16
2024-10-11 09:00:00,m,5.19
2024-10-11 11:00:00,m,5.21
2024-10-11 12:00:00,m,5.23
2024-10-11 14:00:00,m,5.27
2024-10-11 15:00:00,m,5.27
2024-10-11 17:00:00,m,5.25
2024-10-11 18:00:00,m,5.21
2024-10-11 20:00:00,m,5.12
2024-10-11 21:00:00,m,5.08
2024-10-11 23:00:00,m,5.06
2024-10-12 00:00:00,m,5.04
2024-10-12 02:00:00,m,4.99
2024-10-12 03:00:00,m,4.95
2024-10-12 05:00:00,m,4.9
2024-10-12 06:00:00,m,4.86
2024-10-12 08:00:00,m,4.73
2024-10-12 09:00:00,m,4.65
2024-10-12 11:00:00,m,4.5
2024-10-12 12:00:00,m,4.47
2024-10-12 14:00:00,m,4.4
2024-10-12 15:00:00,m,4.35
2024-10-12 17:00:00,m,4.28
2024-10-12 18:00:00,m,4.24
2024-10-12 20:00:00,m,4.23
2024-10-12 21:00:00,m,4.22
2024-10-12 23:00:00,m,4.2
2024-10-13 00:00:00,m,4.2
2024-10-13 02:00:00,m,4.19
2024-10-13 03:00:00,m,4.19
2024-10-13 05:00:00,m,4.18
2024-10-13 06:00:00,m,4.15
2024-10-13 08:00:00,m,4.1
2024-10-13 09:00:00,m,4.05
2024-10-13 11:00:00,m,4.08
2024-10-13 12:00:00,m,4.09
2024-10-13 14:00:00,m,4.1
2024-10-13 15:00:00,m,4.11
2024-10-13 17:00:00,m,4.18
2024-10-13 18:00:00,m,4.37
2024-10-13 20:00:00,m,4.89
2024-10-13 21:00:00,m,5.05
2024-10-13 23:00:00,m,5.26
2024-10-14 00:00:00,m,5.32
2024-10-14 02:00:00,m,5.38
2024-10-14 03:00:00,m,5.38
2024-10-14 05:00:00,m,5.31
2024-10-14 06:00:00,m,5.31
2024-10-14 08:00:00,m,5.3
2024-10-14 09:00:00,m,5.35
2024-10-14 11:00:00,m,5.54
2024-10-14 12:00:00,m,5.66
2024-10-14 14:00:00,m,5.79
2024-10-14 15:00:00,m,5.88
2024-10-14 17:00:00,m,5.94
2024-10-14 18:00:00,m,5.98
2024-10-14 20:00:00,m,6.06
2024-10-14 21:00:00,m,6.07
2024-10-14 23:00:00,m,6.13
2024-10-15 00:00:00,m,6.15
2024-10-15 02:00:00,m,6.19
2024-10-15 03:00:00,m,6.19
2024-10-15 05:00:00,m,6.19
2024-10-15 06:00:00,m,6.14
2024-10-15 08:00:00,m,6.05
2024-10-15 09:00:00,m,5.95
2024-10-15 11:00:00,m,5.79
2024-10-15 12:00:00,m,5.73
2024-10-15 14:00:00,m,5.66
2024-10-15 15:00:00,m,5.63
2024-10-15 17:00:00,m,5.54
2024-10-15 18:00:00,m,5.5
2024-10-16 08:00:00,m,5.04
2024-10-16 09:00:00,m,5.03
2024-10-16 11:00:00,m,5.01
2024-10-16 12:00:00,m,5.01
2024-10-16 14:00:00,m,5.0
2024-10-16 15:00:00,m,5.0
2024-10-17 08:00:00,m,4.5
2024-10-17 09:00:00,m,4.48
2024-10-18 08:00:00,m,4.11
2024-10-18 09:00:00,m,4.08
2024-10-19 08:00:00,m,3.57
2024-10-19 09:00:00,m,3.52
2024-10-20 08:00:00,m,3.41
2024-10-20 09:00:00,m,3.37
2024-10-21 08:00:00,m,3.69
2024-10-21 09:00:00,m,3.85
2024-10-22 08:00:00,m,3.65
2024-10-22 09:00:00,m,3.58
2024-10-23 08:00:00,m,3.09
2024-10-23 09:00:00,m,3.08
2024-10-24 08:00:00,m,6.23
2024-10-24 09:00:00,m,6.25
2024-10-24 11:00:00,m,6.25
2024-10-24 12:00:00,m,6.23
2024-10-24 14:00:00,m,6.18
2024-10-24 15:00:00,m,6.16
2024-10-24 17:00:00,m,6.1
2024-10-24 18:00:00,m,6.05
2024-10-24 20:00:00,m,5.98
2024-10-24 21:00:00,m,5.97
2024-10-25 02:00:00,m,5.86
2024-10-25 03:00:00,m,5.84
2024-10-25 05:00:00,m,5.75
2024-10-25 06:00:00,m,5.69
2024-10-25 08:00:00,m,5.61
2024-10-25 09:00:00,m,5.57
2024-10-27 08:00:00,m,4.15
2024-10-27 09:00:00,m,4.08
2024-10-28 08:00:00,m,3.56
2024-10-28 09:00:00,m,3.64
2024-10-29 08:00:00,m,4.08
2024-10-29 09:00:00,m,4.07
2024-10-30 08:00:00,m,3.63
2024-10-30 09:00:00,m,3.6
2024-10-31 08:00:00,m,3.23
2024-10-31 09:00:00,m,3.23
2024-11-01 08:00:00,m,4.09
2024-11-01 09:00:00,m,4.13
2024-11-03 08:00:00,m,5.77
2024-11-03 09:00:00,m,5.73
2024-11-04 08:00:00,m,5.48
2024-11-04 09:00:00,m,5.4
2024-11-05 08:00:00,m,4.98
2024-11-05 09:00:00,m,4.96
2024-11-06 08:00:00,m,5.02
2024-11-06 09:00:00,m,5.02
2024-11-07 08:00:00,m,4.39
2024-11-07 09:00:00,m,4.37
2024-11-08 08:00:00,m,3.62
2024-11-08 09:00:00,m,3.6
2024-11-09 08:00:00,m,3.46
2024-11-09 09:00:00,m,3.43
2024-11-10 08:00:00,m,3.24
2024-11-10 09:00:00,m,3.25
2024-11-12 08:00:00,m,3.08
2024-11-12 09:00:00,m,3.07
2024-11-13 08:00:00,m,4.12
2024-11-13 09:00:00,m,4.11
2024-11-13 14:00:00,m,3.98
2024-11-13 15:00:00,m,3.96
2024-11-13 20:00:00,m,4.72
2024-11-13 21:00:00,m,5.69
2024-11-13 23:00:00,m,6.1
2024-11-14 00:00:00,m,6.19
2024-11-14 02:00:00,m,6.38
2024-11-14 03:00:00,m,6.48
2024-11-14 08:00:00,m,6.4
2024-11-14 09:00:00,m,6.25
2024-11-14 11:00:00,m,5.95
2024-11-14 12:00:00,m,5.88
2024-11-14 14:00:00,m,5.69
2024-11-14 15:00:00,m,5.58
2024-11-14 17:00:00,m,5.43
2024-11-14 18:00:00,m,5.31
2024-11-14 20:00:00,m,5.19
2024-11-14 21:00:00,m,5.14
2024-11-14 23:00:00,m,5.07
2024-11-15 00:00:00,m,5.06
2024-11-15 05:00:00,m,5.02
2024-11-15 06:00:00,m,5.01
2024-11-15 08:00:00,m,5.01
2024-11-15 09:00:00,m,4.99
2024-11-15 11:00:00,m,4.92
2024-11-15 12:00:00,m,4.88
2024-11-15 14:00:00,m,4.78
2024-11-15 15:00:00,m,4.71
2024-11-16 08:00:00,m,5.74
2024-11-16 09:00:00,m,5.65
2024-11-17 08:00:00,m,4.73
2024-11-17 09:00:00,m,4.68
2024-11-18 08:00:00,m,4.0
2024-11-18 09:00:00,m,3.9
2024-11-19 08:00:00,m,3.5
2024-11-19 09:00:00,m,3.47
2024-11-20 08:00:00,m,6.02
2024-11-20 09:00:00,m,5.98
2024-11-21 08:00:00,m,5.91
2024-11-21 09:00:00,m,5.91
2024-11-22 08:00:00,m,5.26
2024-11-22 09:00:00,m,5.25
2024-11-23 08:00:00,m,5.03
2024-11-23 09:00:00,m,5.04
2024-11-24 08:00:00,m,6.48
2024-11-24 09:00:00,m,6.42
2024-11-24 17:00:00,m,6.06
2024-11-24 18:00:00,m,6.06
2024-11-24 23:00:00,m,6.14
2024-11-25 00:00:00,m,6.17
2024-11-25 05:00:00,m,6.29
2024-11-25 06:00:00,m,6.29
2024-11-25 17:00:00,m,5.99
2024-11-25 18:00:00,m,5.97
2024-11-26 05:00:00,m,5.74
2024-11-26 06:00:00,m,5.72
2024-11-26 11:00:00,m,5.6
2024-11-26 12:00:00,m,5.57
2024-11-26 14:00:00,m,5.53
2024-11-26 15:00:00,m,5.51
2024-11-26 17:00:00,m,5.45
2024-11-26 18:00:00,m,5.43
2024-11-26 20:00:00,m,5.4
2024-11-26 21:00:00,m,5.4
2024-11-27 02:00:00,m,5.36
2024-11-27 03:00:00,m,5.34
2024-11-27 05:00:00,m,5.3
2024-11-27 06:00:00,m,5.2
2024-11-27 08:00:00,m,5.05
2024-11-27 09:00:00,m,5.0
2024-11-27 11:00:00,m,4.94
2024-11-27 12:00:00,m,4.91
2024-11-27 14:00:00,m,4.85
2024-11-27 15:00:00,m,4.81
2024-11-27 17:00:00,m,4.75
2024-11-27 18:00:00,m,4.71
2024-11-27 20:00:00,m,4.64
2024-11-27 21:00:00,m,4.6
2024-11-28 02:00:00,m,4.48
2024-11-28 03:00:00,m,4.46
2024-11-28 05:00:00,m,4.45
2024-11-28 06:00:00,m,4.41
2024-11-28 08:00:00,m,4.35
2024-11-28 09:00:00,m,4.33
2024-11-28 11:00:00,m,4.28
2024-11-28 12:00:00,m,4.25
2024-11-28 14:00:00,m,4.2
2024-11-28 15:00:00,m,4.19
2024-11-28 17:00:00,m,4.16
2024-11-28 18:00:00,m,4.12
2024-11-28 23:00:00,m,3.97
2024-11-29 00:00:00,m,3.95
2024-11-29 02:00:00,m,3.91
2024-11-29 03:00:00,m,3.9
2024-11-29 05:00:00,m,3.87
2024-11-29 06:00:00,m,3.86
2024-11-29 08:00:00,m,3.82
2024-11-29 09:00:00,m,3.81
2024-11-29 11:00:00,m,3.77
2024-11-29 12:00:00,m,3.76
2024-11-29 14:00:00,m,3.71
2024-11-29 15:00:00,m,3.7
2024-11-29 17:00:00,m,3.68
2024-11-29 18:00:00,m,3.66
2024-11-29 20:00:00,m,3.64
2024-11-29 21:00:00,m,3.63
2024-11-29 23:00:00,m,3.66
2024-11-30 00:00:00,m,3.67
2024-11-30 02:00:00,m,3.65
2024-11-30 03:00:00,m,3.63
2024-11-30 08:00:00,m,3.61
2024-11-30 09:00:00,m,3.61
2024-11-30 11:00:00,m,3.62
2024-11-30 12:00:00,m,3.63
2024-11-30 14:00:00,m,3.63
2024-11-30 15:00:00,m,3.62
2024-11-30 17:00:00,m,3.58
2024-11-30 18:00:00,m,3.63
2024-11-30 20:00:00,m,3.76
2024-11-30 21:00:00,m,3.83
2024-12-01 05:00:00,m,4.02
2024-12-01 06:00:00,m,4.02
2024-12-01 08:00:00,m,4.02
2024-12-01 09:00:00,m,4.01
2024-12-01 17:00:00,m,3.99
2024-12-01 18:00:00,m,3.98
2024-12-02 08:00:00,m,3.88
2024-12-02 09:00:00,m,3.82
2024-12-03 08:00:00,m,3.27
2024-12-03 09:00:00,m,3.27
2024-12-03 23:00:00,m,3.23
2024-12-04 00:00:00,m,3.23
2024-12-04 23:00:00,m,3.24
2024-12-05 00:00:00,m,3.31
2024-12-05 05:00:00,m,3.47
2024-12-05 06:00:00,m,3.43
2024-12-05 08:00:00,m,3.39
2024-12-05 09:00:00,m,3.38
2024-12-08 08:00:00,m,3.97
2024-12-08 09:00:00,m,3.94
2024-12-09 08:00:00,m,3.23
2024-12-09 09:00:00,m,3.25
2024-12-09 17:00:00,m,3.16
2024-12-09 18:00:00,m,3.16
2024-12-09 23:00:00,m,3.61
2024-12-10 00:00:00,m,3.88
2024-12-10 05:00:00,m,4.58
2024-12-10 06:00:00,m,4.56
2024-12-10 08:00:00,m,4.5
2024-12-10 09:00:00,m,4.44
2024-12-10 17:00:00,m,3.8
2024-12-10 18:00:00,m,3.76
2024-12-11 08:00:00,m,3.39
2024-12-11 09:00:00,m,3.37
2024-12-11 17:00:00,m,3.23
2024-12-11 18:00:00,m,3.22
2024-12-12 08:00:00,m,2.95
2024-12-12 09:00:00,m,2.92
2024-12-13 05:00:00,m,2.8
2024-12-13 06:00:00,m,2.8
2024-12-13 08:00:00,m,2.8
2024-12-13 09:00:00,m,2.8
2024-12-13 17:00:00,m,2.9
2024-12-13 18:00:00,m,2.94
2024-12-14 05:00:00,m,3.16
2024-12-14 06:00:00,m,3.18
2024-12-14 08:00:00,m,3.2
2024-12-14 09:00:00,m,3.21
2024-12-15 05:00:00,m,4.76
2024-12-15 06:00:00,m,4.82
2024-12-15 08:00:00,m,4.75
2024-12-15 09:00:00,m,4.68
2024-12-15 17:00:00,m,4.18
2024-12-15 18:00:00,m,4.1
2024-12-15 23:00:00,m,4.52
2024-12-16 00:00:00,m,4.58
2024-12-16 05:00:00,m,4.87
2024-12-16 06:00:00,m,4.82
2024-12-16 08:00:00,m,4.71
2024-12-16 09:00:00,m,4.68
2024-12-16 17:00:00,m,4.49
2024-12-16 18:00:00,m,4.6
2024-12-17 05:00:00,m,5.19
2024-12-17 06:00:00,m,5.11
2024-12-17 08:00:00,m,5.04
2024-12-17 09:00:00,m,4.95
2024-12-17 17:00:00,m,4.37
2024-12-17 18:00:00,m,4.3
2024-12-18 05:00:00,m,3.73
2024-12-18 06:00:00,m,3.7
2024-12-18 08:00:00,m,3.66
2024-12-18 09:00:00,m,3.64
2024-12-22 05:00:00,m,4.96
2024-12-22 06:00:00,m,5.75
2024-12-22 08:00:00,m,5.88
2024-12-22 09:00:00,m,5.86
2024-12-22 17:00:00,m,5.49
2024-12-22 18:00:00,m,5.4
2024-12-22 23:00:00,m,5.12
2024-12-23 00:00:00,m,5.1
2024-12-23 05:00:00,m,4.8
2024-12-23 06:00:00,m,4.76
2024-12-23 08:00:00,m,4.66
2024-12-23 09:00:00,m,4.64
2024-12-24 08:00:00,m,3.73
2024-12-24 09:00:00,m,3.7
2024-12-25 08:00:00,m,3.31
2024-12-25 09:00:00,m,3.25
2024-12-26 08:00:00,m,2.95
2024-12-26 09:00:00,m,2.94
2024-12-31 05:00:00,m,5.03
2024-12-31 06:00:00,m,5.25
2024-12-31 08:00:00,m,5.42
2024-12-31 09:00:00,m,5.43
2025-01-02 08:00:00,m,3.73
2025-01-02 09:00:00,m,3.7
2025-01-04 08:00:00,m,3.16
2025-01-04 09:00:00,m,3.15
2025-01-08 08:00:00,m,3.06
2025-01-08 09:00:00,m,3.09
2025-01-12 08:00:00,m,4.03
2025-01-12 09:00:00,m,3.99
2025-01-13 08:00:00,m,3.25
2025-01-13 09:00:00,m,3.25
2025-01-14 08:00:00,m,3.07
2025-01-14 09:00:00,m,3.02
2025-01-15 08:00:00,m,3.03
2025-01-15 09:00:00,m,3.03
2025-01-15 14:00:00,m,3.01
2025-01-15 15:00:00,m,2.99
2025-01-15 17:00:00,m,2.98
2025-01-15 18:00:00,m,2.97
2025-01-15 23:00:00,m,2.96
2025-01-16 00:00:00,m,2.96
2025-01-16 05:00:00,m,2.95
2025-01-16 06:00:00,m,2.93
2025-01-16 08:00:00,m,2.91
2025-01-16 09:00:00,m,2.68
2025-01-16 11:00:00,m,2.83
2025-01-16 12:00:00,m,2.81
2025-01-16 14:00:00,m,2.78
2025-01-16 15:00:00,m,2.77
2025-01-17 08:00:00,m,2.71
2025-01-17 09:00:00,m,2.71
2025-01-18 08:00:00,m,2.67
2025-01-18 09:00:00,m,2.67
2025-01-18 23:00:00,m,2.75
2025-01-19 00:00:00,m,2.76
2025-01-19 02:00:00,m,2.78
2025-01-19 03:00:00,m,2.79
2025-01-19 05:00:00,m,2.81
2025-01-19 06:00:00,m,2.83
2025-01-19 08:00:00,m,3.11
2025-01-19 09:00:00,m,3.22
2025-01-19 11:00:00,m,3.25
2025-01-19 12:00:00,m,3.24
2025-01-19 14:00:00,m,3.2
2025-01-19 15:00:00,m,3.16
2025-01-19 17:00:00,m,3.1
2025-01-19 18:00:00,m,3.13
2025-01-19 20:00:00,m,3.18
2025-01-19 21:00:00,m,3.22
2025-01-19 23:00:00,m,3.21
2025-01-20 00:00:00,m,3.2
2025-01-20 02:00:00,m,3.16
2025-01-20 03:00:00,m,3.15
2025-01-20 05:00:00,m,3.1
2025-01-20 06:00:00,m,3.09
2025-01-20 08:00:00,m,3.07
2025-01-20 09:00:00,m,3.06
2025-01-20 11:00:00,m,3.05
2025-01-20 12:00:00,m,3.05
2025-01-20 14:00:00,m,3.04
2025-01-20 15:00:00,m,3.03
2025-01-20 17:00:00,m,3.01
2025-01-20 18:00:00,m,2.98
2025-01-20 20:00:00,m,2.92
2025-01-20 21:00:00,m,2.89
2025-01-20 23:00:00,m,2.85
2025-01-21 00:00:00,m,2.83
2025-01-21 02:00:00,m,2.8
2025-01-21 03:00:00,m,2.8
2025-01-21 05:00:00,m,2.82
2025-01-21 06:00:00,m,2.87
2025-01-21 08:00:00,m,2.94
2025-01-21 09:00:00,m,2.95
2025-01-21 11:00:00,m,2.92
2025-01-21 12:00:00,m,2.91
2025-01-21 17:00:00,m,2.81
2025-01-21 18:00:00,m,2.81
2025-01-21 20:00:00,m,2.78
2025-01-21 21:00:00,m,2.78
2025-01-21 23:00:00,m,2.77
2025-01-22 00:00:00,m,2.77
2025-01-22 02:00:00,m,2.74
2025-01-22 03:00:00,m,2.74
2025-01-22 05:00:00,m,2.73
2025-01-22 06:00:00,m,2.78
2025-01-22 08:00:00,m,2.92
2025-01-22 09:00:00,m,2.97
2025-01-22 11:00:00,m,3.03
2025-01-22 12:00:00,m,3.04
2025-01-22 14:00:00,m,3.02
2025-01-22 15:00:00,m,2.97
2025-01-22 17:00:00,m,2.94
2025-01-22 18:00:00,m,2.92
2025-01-22 20:00:00,m,2.9
2025-01-22 21:00:00,m,2.89
2025-01-22 23:00:00,m,2.88
2025-01-23 00:00:00,m,2.88
2025-01-23 02:00:00,m,2.88
2025-01-23 03:00:00,m,2.87
2025-01-23 05:00:00,m,2.86
2025-01-23 06:00:00,m,2.86
2025-01-23 08:00:00,m,2.84
2025-01-23 09:00:00,m,2.82
2025-01-23 11:00:00,m,2.81
2025-01-23 12:00:00,m,2.79
2025-01-23 14:00:00,m,2.77
2025-01-23 15:00:00,m,2.77
2025-01-23 20:00:00,m,2.76
2025-01-23 21:00:00,m,2.75
2025-01-23 23:00:00,m,2.75
2025-01-24 00:00:00,m,2.75
2025-01-24 02:00:00,m,2.74
2025-01-24 03:00:00,m,2.74
2025-01-24 05:00:00,m,2.72
2025-01-24 06:00:00,m,2.71
2025-01-24 08:00:00,m,2.71
2025-01-24 09:00:00,m,2.7
2025-01-24 11:00:00,m,2.66
2025-01-24 12:00:00,m,2.67
2025-01-24 14:00:00,m,2.77
2025-01-24 15:00:00,m,2.9
2025-01-26 08:00:00,m,2.68
2025-01-26 09:00:00,m,2.68
2025-01-27 08:00:00,m,2.62
2025-01-27 09:00:00,m,2.62
2025-01-29 08:00:00,m,2.53
2025-01-29 09:00:00,m,2.55
2025-01-30 08:00:00,m,2.56
2025-01-30 09:00:00,m,2.56
2025-01-31 08:00:00,m,2.56
2025-01-31 09:00:00,m,2.56
2025-02-01 08:00:00,m,2.62
2025-02-01 09:00:00,m,2.61
2025-02-02 08:00:00,m,2.6
2025-02-02 09:00:00,m,2.6
2025-02-03 08:00:00,m,2.5
2025-02-03 09:00:00,m,2.47
2025-02-07 08:00:00,m,2.35
2025-02-07 09:00:00,m,2.35
2025-02-08 08:00:00,m,2.34
2025-02-08 09:00:00,m,2.33
2025-02-14 08:00:00,m,2.26
2025-02-14 09:00:00,m,2.26
2025-03-02 08:00:00,m,2.6
2025-03-02 09:00:00,m,2.58
2025-03-03 08:00:00,m,6.31
2025-03-03 09:00:00,m,6.24
2025-03-04 08:00:00,m,5.09
2025-03-04 09:00:00,m,5.02
2025-03-05 08:00:00,m,3.68
2025-03-05 09:00:00,m,3.61
2025-03-23 08:00:00,m,2.76
2025-03-23 09:00:00,m,2.76
2025-03-24 08:00:00,m,2.44
2025-03-24 09:00:00,m,2.44
2025-03-25 08:00:00,m,2.58
2025-03-25 09:00:00,m,2.65
